,arquivo,convertida
0,20210417_153013.jpg,20210417_153013_gray2.jpg
7,20210417_153014(0).jpg,20210417_153014(0)_gray2.jpg
14,20210417_153014.jpg,20210417_153014_gray2.jpg
21,20210417_153025(0).jpg,20210417_153025(0)_gray2.jpg
28,20210417_153025.jpg,20210417_153025_gray2.jpg
35,20210417_153026.jpg,20210417_153026_gray2.jpg
42,20210417_153036.jpg,20210417_153036_gray2.jpg
49,20210417_153037(0).jpg,20210417_153037(0)_gray2.jpg
56,20210417_153037.jpg,20210417_153037_gray2.jpg
63,20210417_153046.jpg,20210417_153046_gray2.jpg
70,20210417_153047.jpg,20210417_153047_gray2.jpg
77,20210417_153048.jpg,20210417_153048_gray2.jpg
84,20210417_153111(0).jpg,20210417_153111(0)_gray2.jpg
91,20210417_153111.jpg,20210417_153111_gray2.jpg
98,20210417_153112.jpg,20210417_153112_gray2.jpg
105,20210417_153809(0).jpg,20210417_153809(0)_gray2.jpg
112,20210417_153809.jpg,20210417_153809_gray2.jpg
119,20210417_153810.jpg,20210417_153810_gray2.jpg
126,20210417_153819.jpg,20210417_153819_gray2.jpg
133,20210417_153820.jpg,20210417_153820_gray2.jpg
140,20210417_153821.jpg,20210417_153821_gray2.jpg
147,20210417_153835.jpg,20210417_153835_gray2.jpg
154,20210417_153836.jpg,20210417_153836_gray2.jpg
161,20210417_153837.jpg,20210417_153837_gray2.jpg
168,20210417_153849.jpg,20210417_153849_gray2.jpg
175,20210417_153850.jpg,20210417_153850_gray2.jpg
182,20210417_153851.jpg,20210417_153851_gray2.jpg
189,20210417_154406(0).jpg,20210417_154406(0)_gray2.jpg
196,20210417_154406.jpg,20210417_154406_gray2.jpg
203,20210417_154407.jpg,20210417_154407_gray2.jpg
210,20210417_154415(0).jpg,20210417_154415(0)_gray2.jpg
217,20210417_154415.jpg,20210417_154415_gray2.jpg
224,20210417_154416.jpg,20210417_154416_gray2.jpg
231,20210417_154424(0).jpg,20210417_154424(0)_gray2.jpg
238,20210417_154424.jpg,20210417_154424_gray2.jpg
245,20210417_154425.jpg,20210417_154425_gray2.jpg
252,20210417_154432.jpg,20210417_154432_gray2.jpg
259,20210417_154433.jpg,20210417_154433_gray2.jpg
266,20210417_154434.jpg,20210417_154434_gray2.jpg
273,20210417_154444(0).jpg,20210417_154444(0)_gray2.jpg
280,20210417_154444.jpg,20210417_154444_gray2.jpg
287,20210417_154445.jpg,20210417_154445_gray2.jpg
294,20210417_154555.jpg,20210417_154555_gray2.jpg
301,20210417_154557.jpg,20210417_154557_gray2.jpg
308,20210417_154558.jpg,20210417_154558_gray2.jpg
315,20210417_154611(0).jpg,20210417_154611(0)_gray2.jpg
322,20210417_154611.jpg,20210417_154611_gray2.jpg
329,20210417_154612.jpg,20210417_154612_gray2.jpg
336,20210417_154621(0).jpg,20210417_154621(0)_gray2.jpg
343,20210417_154621.jpg,20210417_154621_gray2.jpg
350,20210417_154622.jpg,20210417_154622_gray2.jpg
357,20210417_154631.jpg,20210417_154631_gray2.jpg
364,20210417_154632.jpg,20210417_154632_gray2.jpg
371,20210417_154633.jpg,20210417_154633_gray2.jpg
378,20210417_154640.jpg,20210417_154640_gray2.jpg
385,20210417_154641.jpg,20210417_154641_gray2.jpg
392,20210417_154642.jpg,20210417_154642_gray2.jpg
399,20210417_154649.jpg,20210417_154649_gray2.jpg
406,20210417_154650.jpg,20210417_154650_gray2.jpg
413,20210417_154652.jpg,20210417_154652_gray2.jpg
420,20210417_155102(0).jpg,20210417_155102(0)_gray2.jpg
427,20210417_155102.jpg,20210417_155102_gray2.jpg
434,20210417_155103.jpg,20210417_155103_gray2.jpg
441,20210417_155112(0).jpg,20210417_155112(0)_gray2.jpg
448,20210417_155112.jpg,20210417_155112_gray2.jpg
455,20210417_155113.jpg,20210417_155113_gray2.jpg
462,20210417_155119.jpg,20210417_155119_gray2.jpg
469,20210417_155120.jpg,20210417_155120_gray2.jpg
476,20210417_155121.jpg,20210417_155121_gray2.jpg
483,20210417_155128.jpg,20210417_155128_gray2.jpg
490,20210417_155129(0).jpg,20210417_155129(0)_gray2.jpg
497,20210417_155129.jpg,20210417_155129_gray2.jpg
504,20210417_155142(0).jpg,20210417_155142(0)_gray2.jpg
511,20210417_155142.jpg,20210417_155142_gray2.jpg
518,20210417_155143.jpg,20210417_155143_gray2.jpg
525,20210417_155224.jpg,20210417_155224_gray2.jpg
532,20210417_155225.jpg,20210417_155225_gray2.jpg
539,20210417_155226.jpg,20210417_155226_gray2.jpg
546,20210417_155234(0).jpg,20210417_155234(0)_gray2.jpg
553,20210417_155234.jpg,20210417_155234_gray2.jpg
560,20210417_155235.jpg,20210417_155235_gray2.jpg
567,20210417_155248.jpg,20210417_155248_gray2.jpg
574,20210417_155249.jpg,20210417_155249_gray2.jpg
581,20210417_155250.jpg,20210417_155250_gray2.jpg
588,20210417_155257.jpg,20210417_155257_gray2.jpg
595,20210417_155258.jpg,20210417_155258_gray2.jpg
602,20210417_155259.jpg,20210417_155259_gray2.jpg
609,20210417_155321.jpg,20210417_155321_gray2.jpg
616,20210417_155322(0).jpg,20210417_155322(0)_gray2.jpg
623,20210417_155322.jpg,20210417_155322_gray2.jpg
630,20210417_155330(0).jpg,20210417_155330(0)_gray2.jpg
637,20210417_155330.jpg,20210417_155330_gray2.jpg
644,20210417_155331.jpg,20210417_155331_gray2.jpg
651,20210417_155337.jpg,20210417_155337_gray2.jpg
658,20210417_155338(0).jpg,20210417_155338(0)_gray2.jpg
665,20210417_155338.jpg,20210417_155338_gray2.jpg
672,20210417_155345(0).jpg,20210417_155345(0)_gray2.jpg
679,20210417_155345.jpg,20210417_155345_gray2.jpg
686,20210417_155346.jpg,20210417_155346_gray2.jpg
693,20210417_155355.jpg,20210417_155355_gray2.jpg
700,20210417_155356.jpg,20210417_155356_gray2.jpg
707,20210417_155357.jpg,20210417_155357_gray2.jpg
714,20210417_155415.jpg,20210417_155415_gray2.jpg
721,20210417_155416.jpg,20210417_155416_gray2.jpg
728,20210417_155417.jpg,20210417_155417_gray2.jpg
735,20210417_155424.jpg,20210417_155424_gray2.jpg
742,20210417_155425.jpg,20210417_155425_gray2.jpg
749,20210417_155426.jpg,20210417_155426_gray2.jpg
756,20210417_155433.jpg,20210417_155433_gray2.jpg
763,20210417_155434.jpg,20210417_155434_gray2.jpg
770,20210417_155435.jpg,20210417_155435_gray2.jpg
777,20210417_155441.jpg,20210417_155441_gray2.jpg
784,20210417_155442.jpg,20210417_155442_gray2.jpg
791,20210417_155443.jpg,20210417_155443_gray2.jpg
798,20210417_155449.jpg,20210417_155449_gray2.jpg
805,20210417_155450.jpg,20210417_155450_gray2.jpg
812,20210417_155451.jpg,20210417_155451_gray2.jpg
819,20210417_155458.jpg,20210417_155458_gray2.jpg
826,20210417_155459.jpg,20210417_155459_gray2.jpg
833,20210417_155500.jpg,20210417_155500_gray2.jpg
840,20210417_155822.jpg,20210417_155822_gray2.jpg
847,20210417_155823(0).jpg,20210417_155823(0)_gray2.jpg
854,20210417_155823.jpg,20210417_155823_gray2.jpg
861,20210417_155832.jpg,20210417_155832_gray2.jpg
868,20210417_155833.jpg,20210417_155833_gray2.jpg
875,20210417_155834.jpg,20210417_155834_gray2.jpg
882,20210417_155842.jpg,20210417_155842_gray2.jpg
889,20210417_155843(0).jpg,20210417_155843(0)_gray2.jpg
896,20210417_155843.jpg,20210417_155843_gray2.jpg
903,20210417_155857.jpg,20210417_155857_gray2.jpg
910,20210417_155858.jpg,20210417_155858_gray2.jpg
917,20210417_155859.jpg,20210417_155859_gray2.jpg
924,20210417_155907(0).jpg,20210417_155907(0)_gray2.jpg
931,20210417_155907.jpg,20210417_155907_gray2.jpg
938,20210417_155908.jpg,20210417_155908_gray2.jpg
945,20210417_160108.jpg,20210417_160108_gray2.jpg
952,20210417_160109(0).jpg,20210417_160109(0)_gray2.jpg
959,20210417_160109.jpg,20210417_160109_gray2.jpg
966,20210417_160120.jpg,20210417_160120_gray2.jpg
973,20210417_160121.jpg,20210417_160121_gray2.jpg
980,20210417_160122.jpg,20210417_160122_gray2.jpg
987,20210417_160130.jpg,20210417_160130_gray2.jpg
994,20210417_160131.jpg,20210417_160131_gray2.jpg
1001,20210417_160132.jpg,20210417_160132_gray2.jpg
1008,20210417_160144.jpg,20210417_160144_gray2.jpg
1015,20210417_160145(0).jpg,20210417_160145(0)_gray2.jpg
1022,20210417_160145.jpg,20210417_160145_gray2.jpg
1029,20210417_160204.jpg,20210417_160204_gray2.jpg
1036,20210417_160205.jpg,20210417_160205_gray2.jpg
1043,20210417_160206.jpg,20210417_160206_gray2.jpg
1050,20210417_160214.jpg,20210417_160214_gray2.jpg
1057,20210417_160215.jpg,20210417_160215_gray2.jpg
1064,20210417_160216.jpg,20210417_160216_gray2.jpg
1071,20210417_160222.jpg,20210417_160222_gray2.jpg
1078,20210417_160223.jpg,20210417_160223_gray2.jpg
1085,20210417_160224.jpg,20210417_160224_gray2.jpg
1092,20210417_160229.jpg,20210417_160229_gray2.jpg
1099,20210417_160230(0).jpg,20210417_160230(0)_gray2.jpg
1106,20210417_160230.jpg,20210417_160230_gray2.jpg
1113,20210417_160236.jpg,20210417_160236_gray2.jpg
1120,20210417_160237.jpg,20210417_160237_gray2.jpg
1127,20210417_160238.jpg,20210417_160238_gray2.jpg
1134,20210417_160325.jpg,20210417_160325_gray2.jpg
1141,20210417_160326.jpg,20210417_160326_gray2.jpg
1148,20210417_160327.jpg,20210417_160327_gray2.jpg
1155,20210417_160335.jpg,20210417_160335_gray2.jpg
1162,20210417_160336(0).jpg,20210417_160336(0)_gray2.jpg
1169,20210417_160336.jpg,20210417_160336_gray2.jpg
1176,20210417_160344.jpg,20210417_160344_gray2.jpg
1183,20210417_160345.jpg,20210417_160345_gray2.jpg
1190,20210417_160346.jpg,20210417_160346_gray2.jpg
1197,20210417_160354.jpg,20210417_160354_gray2.jpg
1204,20210417_160355.jpg,20210417_160355_gray2.jpg
1211,20210417_160356.jpg,20210417_160356_gray2.jpg
1218,20210417_160404(0).jpg,20210417_160404(0)_gray2.jpg
1225,20210417_160404.jpg,20210417_160404_gray2.jpg
1232,20210417_160406.jpg,20210417_160406_gray2.jpg
1239,20210417_160415.jpg,20210417_160415_gray2.jpg
1246,20210417_160416.jpg,20210417_160416_gray2.jpg
1253,20210417_160417.jpg,20210417_160417_gray2.jpg
1260,20210417_160914.jpg,20210417_160914_gray2.jpg
1267,20210417_160915(0).jpg,20210417_160915(0)_gray2.jpg
1274,20210417_160915.jpg,20210417_160915_gray2.jpg
1281,20210417_160932.jpg,20210417_160932_gray2.jpg
1288,20210417_160933.jpg,20210417_160933_gray2.jpg
1295,20210417_160934.jpg,20210417_160934_gray2.jpg
1302,20210417_160945.jpg,20210417_160945_gray2.jpg
1309,20210417_160946.jpg,20210417_160946_gray2.jpg
1316,20210417_160947.jpg,20210417_160947_gray2.jpg
1323,20210417_161015.jpg,20210417_161015_gray2.jpg
1330,20210417_161016.jpg,20210417_161016_gray2.jpg
1337,20210417_161017.jpg,20210417_161017_gray2.jpg
1344,20210417_161111.jpg,20210417_161111_gray2.jpg
1351,20210417_161112.jpg,20210417_161112_gray2.jpg
1358,20210417_161113.jpg,20210417_161113_gray2.jpg
1365,20210417_161212(0).jpg,20210417_161212(0)_gray2.jpg
1372,20210417_161212.jpg,20210417_161212_gray2.jpg
1379,20210417_161213.jpg,20210417_161213_gray2.jpg
1386,20210417_161243(0).jpg,20210417_161243(0)_gray2.jpg
1393,20210417_161243.jpg,20210417_161243_gray2.jpg
1400,20210417_161244.jpg,20210417_161244_gray2.jpg
1407,20210417_161255(0).jpg,20210417_161255(0)_gray2.jpg
1414,20210417_161255.jpg,20210417_161255_gray2.jpg
1421,20210417_161256.jpg,20210417_161256_gray2.jpg
1428,20210417_161305.jpg,20210417_161305_gray2.jpg
1435,20210417_161306.jpg,20210417_161306_gray2.jpg
1442,20210417_161308.jpg,20210417_161308_gray2.jpg
1449,20210417_161339.jpg,20210417_161339_gray2.jpg
1456,20210417_161340.jpg,20210417_161340_gray2.jpg
1463,20210417_161341.jpg,20210417_161341_gray2.jpg
1470,20210417_161349.jpg,20210417_161349_gray2.jpg
1477,20210417_161350.jpg,20210417_161350_gray2.jpg
1484,20210417_161351.jpg,20210417_161351_gray2.jpg
1491,20210417_161359.jpg,20210417_161359_gray2.jpg
1498,20210417_161400.jpg,20210417_161400_gray2.jpg
1505,20210417_161401.jpg,20210417_161401_gray2.jpg
1512,20210417_161409.jpg,20210417_161409_gray2.jpg
1519,20210417_161410.jpg,20210417_161410_gray2.jpg
1526,20210417_161411.jpg,20210417_161411_gray2.jpg
1533,20210417_161448.jpg,20210417_161448_gray2.jpg
1540,20210417_161449.jpg,20210417_161449_gray2.jpg
1547,20210417_161450.jpg,20210417_161450_gray2.jpg
1554,20210417_161548.jpg,20210417_161548_gray2.jpg
1561,20210417_161549.jpg,20210417_161549_gray2.jpg
1568,20210417_161550.jpg,20210417_161550_gray2.jpg
1575,20210417_161601.jpg,20210417_161601_gray2.jpg
1582,20210417_161602.jpg,20210417_161602_gray2.jpg
1589,20210417_161603.jpg,20210417_161603_gray2.jpg
1596,20210417_161615.jpg,20210417_161615_gray2.jpg
1603,20210417_161616.jpg,20210417_161616_gray2.jpg
1610,20210417_161617.jpg,20210417_161617_gray2.jpg
1617,20210417_161629.jpg,20210417_161629_gray2.jpg
1624,20210417_161630.jpg,20210417_161630_gray2.jpg
1631,20210417_161631.jpg,20210417_161631_gray2.jpg
1638,20210417_161641.jpg,20210417_161641_gray2.jpg
1645,20210417_161643.jpg,20210417_161643_gray2.jpg
1652,20210417_161644.jpg,20210417_161644_gray2.jpg
1659,20210417_161655.jpg,20210417_161655_gray2.jpg
1666,20210417_161656.jpg,20210417_161656_gray2.jpg
1673,20210417_161658.jpg,20210417_161658_gray2.jpg
1680,20210417_162004(0).jpg,20210417_162004(0)_gray2.jpg
1687,20210417_162004.jpg,20210417_162004_gray2.jpg
1694,20210417_162005.jpg,20210417_162005_gray2.jpg
1701,20210417_162014.jpg,20210417_162014_gray2.jpg
1708,20210417_162015.jpg,20210417_162015_gray2.jpg
1715,20210417_162016.jpg,20210417_162016_gray2.jpg
1722,20210417_162026(0).jpg,20210417_162026(0)_gray2.jpg
1729,20210417_162026.jpg,20210417_162026_gray2.jpg
1736,20210417_162027.jpg,20210417_162027_gray2.jpg
1743,20210417_162035(0).jpg,20210417_162035(0)_gray2.jpg
1750,20210417_162035.jpg,20210417_162035_gray2.jpg
1757,20210417_162036.jpg,20210417_162036_gray2.jpg
1764,20210417_162047.jpg,20210417_162047_gray2.jpg
1771,20210417_162048.jpg,20210417_162048_gray2.jpg
1778,20210417_162049.jpg,20210417_162049_gray2.jpg
1785,20210417_162505.jpg,20210417_162505_gray2.jpg
1792,20210417_162506.jpg,20210417_162506_gray2.jpg
1799,20210417_162507.jpg,20210417_162507_gray2.jpg
1806,20210417_162517.jpg,20210417_162517_gray2.jpg
1813,20210417_162518.jpg,20210417_162518_gray2.jpg
1820,20210417_162519.jpg,20210417_162519_gray2.jpg
1827,20210417_162528.jpg,20210417_162528_gray2.jpg
1834,20210417_162529.jpg,20210417_162529_gray2.jpg
1841,20210417_162530.jpg,20210417_162530_gray2.jpg
1848,20210417_162542.jpg,20210417_162542_gray2.jpg
1855,20210417_162543.jpg,20210417_162543_gray2.jpg
1862,20210417_162544.jpg,20210417_162544_gray2.jpg
1869,20210417_162636.jpg,20210417_162636_gray2.jpg
1876,20210417_162637.jpg,20210417_162637_gray2.jpg
1883,20210417_162638.jpg,20210417_162638_gray2.jpg
1890,20210417_162646.jpg,20210417_162646_gray2.jpg
1897,20210417_162647.jpg,20210417_162647_gray2.jpg
1904,20210417_162648.jpg,20210417_162648_gray2.jpg
1911,20210417_162656(0).jpg,20210417_162656(0)_gray2.jpg
1918,20210417_162656.jpg,20210417_162656_gray2.jpg
1925,20210417_162657.jpg,20210417_162657_gray2.jpg
1932,20210417_162705.jpg,20210417_162705_gray2.jpg
1939,20210417_162707.jpg,20210417_162707_gray2.jpg
1946,20210417_162708.jpg,20210417_162708_gray2.jpg
1953,20210417_162717.jpg,20210417_162717_gray2.jpg
1960,20210417_162718.jpg,20210417_162718_gray2.jpg
1967,20210417_162719.jpg,20210417_162719_gray2.jpg
1974,20210417_162804.jpg,20210417_162804_gray2.jpg
1981,20210417_162805.jpg,20210417_162805_gray2.jpg
1988,20210417_162806.jpg,20210417_162806_gray2.jpg
1995,20210417_162817.jpg,20210417_162817_gray2.jpg
2002,20210417_162818.jpg,20210417_162818_gray2.jpg
2009,20210417_162819.jpg,20210417_162819_gray2.jpg
2016,20210417_162827.jpg,20210417_162827_gray2.jpg
2023,20210417_162828.jpg,20210417_162828_gray2.jpg
2030,20210417_162829.jpg,20210417_162829_gray2.jpg
2037,20210417_162837.jpg,20210417_162837_gray2.jpg
2044,20210417_162838.jpg,20210417_162838_gray2.jpg
2051,20210417_162839.jpg,20210417_162839_gray2.jpg
2058,20210417_162846.jpg,20210417_162846_gray2.jpg
2065,20210417_162847.jpg,20210417_162847_gray2.jpg
2072,20210417_162848.jpg,20210417_162848_gray2.jpg
2079,20210417_164447.jpg,20210417_164447_gray2.jpg
2086,20210417_164448.jpg,20210417_164448_gray2.jpg
2093,20210417_164449.jpg,20210417_164449_gray2.jpg
2100,20210417_163259.jpg,20210417_163259_gray2.jpg
2107,20210417_163300(0).jpg,20210417_163300(0)_gray2.jpg
2114,20210417_163300.jpg,20210417_163300_gray2.jpg
2121,20210417_163317.jpg,20210417_163317_gray2.jpg
2128,20210417_163318.jpg,20210417_163318_gray2.jpg
2135,20210417_163319.jpg,20210417_163319_gray2.jpg
2142,20210417_163328.jpg,20210417_163328_gray2.jpg
2149,20210417_163329(0).jpg,20210417_163329(0)_gray2.jpg
2156,20210417_163329.jpg,20210417_163329_gray2.jpg
2163,20210417_163338.jpg,20210417_163338_gray2.jpg
2170,20210417_163339.jpg,20210417_163339_gray2.jpg
2177,20210417_163340.jpg,20210417_163340_gray2.jpg
2184,20210417_163353.jpg,20210417_163353_gray2.jpg
2191,20210417_163354.jpg,20210417_163354_gray2.jpg
2198,20210417_163355.jpg,20210417_163355_gray2.jpg
2205,20210417_163424.jpg,20210417_163424_gray2.jpg
2212,20210417_163425.jpg,20210417_163425_gray2.jpg
2219,20210417_163426.jpg,20210417_163426_gray2.jpg
2226,20210417_163434.jpg,20210417_163434_gray2.jpg
2233,20210417_163435.jpg,20210417_163435_gray2.jpg
2240,20210417_163436.jpg,20210417_163436_gray2.jpg
2247,20210417_163444.jpg,20210417_163444_gray2.jpg
2254,20210417_163445(0).jpg,20210417_163445(0)_gray2.jpg
2261,20210417_163445.jpg,20210417_163445_gray2.jpg
2268,20210417_163453(0).jpg,20210417_163453(0)_gray2.jpg
2275,20210417_163453.jpg,20210417_163453_gray2.jpg
2282,20210417_163454.jpg,20210417_163454_gray2.jpg
2289,20210417_163521.jpg,20210417_163521_gray2.jpg
2296,20210417_163522.jpg,20210417_163522_gray2.jpg
2303,20210417_163523.jpg,20210417_163523_gray2.jpg
2310,20210417_163531.jpg,20210417_163531_gray2.jpg
2317,20210417_163533.jpg,20210417_163533_gray2.jpg
2324,20210417_163534.jpg,20210417_163534_gray2.jpg
2331,20210417_163543.jpg,20210417_163543_gray2.jpg
2338,20210417_163545.jpg,20210417_163545_gray2.jpg
2345,20210417_163546.jpg,20210417_163546_gray2.jpg
2352,20210417_163554.jpg,20210417_163554_gray2.jpg
2359,20210417_163555.jpg,20210417_163555_gray2.jpg
2366,20210417_163557.jpg,20210417_163557_gray2.jpg
2373,20210417_163604.jpg,20210417_163604_gray2.jpg
2380,20210417_163605.jpg,20210417_163605_gray2.jpg
2387,20210417_163606.jpg,20210417_163606_gray2.jpg
2394,20210417_163642.jpg,20210417_163642_gray2.jpg
2401,20210417_163643.jpg,20210417_163643_gray2.jpg
2408,20210417_163644.jpg,20210417_163644_gray2.jpg
2415,20210417_163654.jpg,20210417_163654_gray2.jpg
2422,20210417_163655.jpg,20210417_163655_gray2.jpg
2429,20210417_163656.jpg,20210417_163656_gray2.jpg
2436,20210417_163705.jpg,20210417_163705_gray2.jpg
2443,20210417_163706.jpg,20210417_163706_gray2.jpg
2450,20210417_163707.jpg,20210417_163707_gray2.jpg
2457,20210417_163715.jpg,20210417_163715_gray2.jpg
2464,20210417_163717.jpg,20210417_163717_gray2.jpg
2471,20210417_163718.jpg,20210417_163718_gray2.jpg
2478,20210417_163727.jpg,20210417_163727_gray2.jpg
2485,20210417_163728.jpg,20210417_163728_gray2.jpg
2492,20210417_163729.jpg,20210417_163729_gray2.jpg
2499,20210417_163737.jpg,20210417_163737_gray2.jpg
2506,20210417_163738.jpg,20210417_163738_gray2.jpg
2513,20210417_163740.jpg,20210417_163740_gray2.jpg
2520,20210417_182049.jpg,20210417_182049_gray2.jpg
2527,20210417_182050(0).jpg,20210417_182050(0)_gray2.jpg
2534,20210417_182050.jpg,20210417_182050_gray2.jpg
2541,20210417_182100.jpg,20210417_182100_gray2.jpg
2548,20210417_182101.jpg,20210417_182101_gray2.jpg
2555,20210417_182102.jpg,20210417_182102_gray2.jpg
2562,20210417_182110(0).jpg,20210417_182110(0)_gray2.jpg
2569,20210417_182110.jpg,20210417_182110_gray2.jpg
2576,20210417_182111.jpg,20210417_182111_gray2.jpg
2583,20210417_182123.jpg,20210417_182123_gray2.jpg
2590,20210417_182124(0).jpg,20210417_182124(0)_gray2.jpg
2597,20210417_182124.jpg,20210417_182124_gray2.jpg
2604,20210417_182132.jpg,20210417_182132_gray2.jpg
2611,20210417_182133.jpg,20210417_182133_gray2.jpg
2618,20210417_182134.jpg,20210417_182134_gray2.jpg
2625,20210417_182150(0).jpg,20210417_182150(0)_gray2.jpg
2632,20210417_182150.jpg,20210417_182150_gray2.jpg
2639,20210417_182151.jpg,20210417_182151_gray2.jpg
2646,20210417_182159(0).jpg,20210417_182159(0)_gray2.jpg
2653,20210417_182159.jpg,20210417_182159_gray2.jpg
2660,20210417_182200.jpg,20210417_182200_gray2.jpg
2667,20210417_182208.jpg,20210417_182208_gray2.jpg
2674,20210417_182209.jpg,20210417_182209_gray2.jpg
2681,20210417_182210.jpg,20210417_182210_gray2.jpg
2688,20210417_182219(0).jpg,20210417_182219(0)_gray2.jpg
2695,20210417_182219.jpg,20210417_182219_gray2.jpg
2702,20210417_182220.jpg,20210417_182220_gray2.jpg
2709,20210417_182231(0).jpg,20210417_182231(0)_gray2.jpg
2716,20210417_182231.jpg,20210417_182231_gray2.jpg
2723,20210417_182232.jpg,20210417_182232_gray2.jpg
2730,20210417_182240.jpg,20210417_182240_gray2.jpg
2737,20210417_182241(0).jpg,20210417_182241(0)_gray2.jpg
2744,20210417_182241.jpg,20210417_182241_gray2.jpg
2751,20210417_182249(0).jpg,20210417_182249(0)_gray2.jpg
2758,20210417_182249.jpg,20210417_182249_gray2.jpg
2765,20210417_182250.jpg,20210417_182250_gray2.jpg
2772,20210417_182257.jpg,20210417_182257_gray2.jpg
2779,20210417_182258(0).jpg,20210417_182258(0)_gray2.jpg
2786,20210417_182258.jpg,20210417_182258_gray2.jpg
2793,20210417_182311.jpg,20210417_182311_gray2.jpg
2800,20210417_182312.jpg,20210417_182312_gray2.jpg
2807,20210417_182313.jpg,20210417_182313_gray2.jpg
2814,20210417_182405.jpg,20210417_182405_gray2.jpg
2821,20210417_182406(0).jpg,20210417_182406(0)_gray2.jpg
2828,20210417_182406.jpg,20210417_182406_gray2.jpg
2835,20210417_182414.jpg,20210417_182414_gray2.jpg
2842,20210417_182415.jpg,20210417_182415_gray2.jpg
2849,20210417_182416.jpg,20210417_182416_gray2.jpg
2856,20210417_182424.jpg,20210417_182424_gray2.jpg
2863,20210417_182425.jpg,20210417_182425_gray2.jpg
2870,20210417_182426.jpg,20210417_182426_gray2.jpg
2877,20210417_182433.jpg,20210417_182433_gray2.jpg
2884,20210417_182434.jpg,20210417_182434_gray2.jpg
2891,20210417_182435.jpg,20210417_182435_gray2.jpg
2898,20210417_182442.jpg,20210417_182442_gray2.jpg
2905,20210417_182443.jpg,20210417_182443_gray2.jpg
2912,20210417_182444.jpg,20210417_182444_gray2.jpg
2919,20210417_182452.jpg,20210417_182452_gray2.jpg
2926,20210417_182453.jpg,20210417_182453_gray2.jpg
2933,20210417_182454.jpg,20210417_182454_gray2.jpg
2940,20210417_182541.jpg,20210417_182541_gray2.jpg
2947,20210417_182542.jpg,20210417_182542_gray2.jpg
2954,20210417_182543.jpg,20210417_182543_gray2.jpg
2961,20210417_182551.jpg,20210417_182551_gray2.jpg
2968,20210417_182552(0).jpg,20210417_182552(0)_gray2.jpg
2975,20210417_182552.jpg,20210417_182552_gray2.jpg
2982,20210417_182559.jpg,20210417_182559_gray2.jpg
2989,20210417_182600(0).jpg,20210417_182600(0)_gray2.jpg
2996,20210417_182600.jpg,20210417_182600_gray2.jpg
3003,20210417_182606.jpg,20210417_182606_gray2.jpg
3010,20210417_182607.jpg,20210417_182607_gray2.jpg
3017,20210417_182608.jpg,20210417_182608_gray2.jpg
3024,20210417_182616.jpg,20210417_182616_gray2.jpg
3031,20210417_182619.jpg,20210417_182619_gray2.jpg
3038,20210417_182620.jpg,20210417_182620_gray2.jpg
3045,20210417_182704.jpg,20210417_182704_gray2.jpg
3052,20210417_182705(0).jpg,20210417_182705(0)_gray2.jpg
3059,20210417_182705.jpg,20210417_182705_gray2.jpg
3066,20210417_182714.jpg,20210417_182714_gray2.jpg
3073,20210417_182715(0).jpg,20210417_182715(0)_gray2.jpg
3080,20210417_182715.jpg,20210417_182715_gray2.jpg
3087,20210417_182723.jpg,20210417_182723_gray2.jpg
3094,20210417_182724.jpg,20210417_182724_gray2.jpg
3101,20210417_182725.jpg,20210417_182725_gray2.jpg
3108,20210417_182733.jpg,20210417_182733_gray2.jpg
3115,20210417_182734.jpg,20210417_182734_gray2.jpg
3122,20210417_182735.jpg,20210417_182735_gray2.jpg
3129,20210417_182806.jpg,20210417_182806_gray2.jpg
3136,20210417_182807(0).jpg,20210417_182807(0)_gray2.jpg
3143,20210417_182807.jpg,20210417_182807_gray2.jpg
3150,20210417_182819.jpg,20210417_182819_gray2.jpg
3157,20210417_182820.jpg,20210417_182820_gray2.jpg
3164,20210417_182821.jpg,20210417_182821_gray2.jpg
3171,20210417_182828.jpg,20210417_182828_gray2.jpg
3178,20210417_182829(0).jpg,20210417_182829(0)_gray2.jpg
3185,20210417_182829.jpg,20210417_182829_gray2.jpg
3192,20210417_182836(0).jpg,20210417_182836(0)_gray2.jpg
3199,20210417_182836.jpg,20210417_182836_gray2.jpg
3206,20210417_182837.jpg,20210417_182837_gray2.jpg
3213,20210417_182848.jpg,20210417_182848_gray2.jpg
3220,20210417_182849.jpg,20210417_182849_gray2.jpg
3227,20210417_182850.jpg,20210417_182850_gray2.jpg
3234,20210417_182859.jpg,20210417_182859_gray2.jpg
3241,20210417_182900.jpg,20210417_182900_gray2.jpg
3248,20210417_182901.jpg,20210417_182901_gray2.jpg
3255,20210417_182908(0).jpg,20210417_182908(0)_gray2.jpg
3262,20210417_182908.jpg,20210417_182908_gray2.jpg
3269,20210417_182909.jpg,20210417_182909_gray2.jpg
3276,20210417_182916.jpg,20210417_182916_gray2.jpg
3283,20210417_182917.jpg,20210417_182917_gray2.jpg
3290,20210417_182918.jpg,20210417_182918_gray2.jpg
3297,20210417_182925(0).jpg,20210417_182925(0)_gray2.jpg
3304,20210417_182925.jpg,20210417_182925_gray2.jpg
3311,20210417_182926.jpg,20210417_182926_gray2.jpg
3318,20210417_182934.jpg,20210417_182934_gray2.jpg
3325,20210417_182935(0).jpg,20210417_182935(0)_gray2.jpg
3332,20210417_182935.jpg,20210417_182935_gray2.jpg
3339,20210417_182941.jpg,20210417_182941_gray2.jpg
3346,20210417_182942.jpg,20210417_182942_gray2.jpg
3353,20210417_182943.jpg,20210417_182943_gray2.jpg
3360,20210417_183512.jpg,20210417_183512_gray2.jpg
3367,20210417_183513.jpg,20210417_183513_gray2.jpg
3374,20210417_183514.jpg,20210417_183514_gray2.jpg
3381,20210417_183540(0).jpg,20210417_183540(0)_gray2.jpg
3388,20210417_183540.jpg,20210417_183540_gray2.jpg
3395,20210417_183541.jpg,20210417_183541_gray2.jpg
3402,20210417_183552.jpg,20210417_183552_gray2.jpg
3409,20210417_183553(0).jpg,20210417_183553(0)_gray2.jpg
3416,20210417_183553.jpg,20210417_183553_gray2.jpg
3423,20210417_183602.jpg,20210417_183602_gray2.jpg
3430,20210417_183603(0).jpg,20210417_183603(0)_gray2.jpg
3437,20210417_183603.jpg,20210417_183603_gray2.jpg
3444,20210417_183614(0).jpg,20210417_183614(0)_gray2.jpg
3451,20210417_183614.jpg,20210417_183614_gray2.jpg
3458,20210417_183615.jpg,20210417_183615_gray2.jpg
3465,20210417_183715.jpg,20210417_183715_gray2.jpg
3472,20210417_183716(0).jpg,20210417_183716(0)_gray2.jpg
3479,20210417_183716.jpg,20210417_183716_gray2.jpg
3486,20210417_183722.jpg,20210417_183722_gray2.jpg
3493,20210417_183723.jpg,20210417_183723_gray2.jpg
3500,20210417_183724.jpg,20210417_183724_gray2.jpg
3507,20210417_183733.jpg,20210417_183733_gray2.jpg
3514,20210417_183734.jpg,20210417_183734_gray2.jpg
3521,20210417_183735.jpg,20210417_183735_gray2.jpg
3528,20210417_183742.jpg,20210417_183742_gray2.jpg
3535,20210417_183743(0).jpg,20210417_183743(0)_gray2.jpg
3542,20210417_183743.jpg,20210417_183743_gray2.jpg
3549,20210417_183803.jpg,20210417_183803_gray2.jpg
3556,20210417_183804.jpg,20210417_183804_gray2.jpg
3563,20210417_183805.jpg,20210417_183805_gray2.jpg
3570,20210417_183811(0).jpg,20210417_183811(0)_gray2.jpg
3577,20210417_183811.jpg,20210417_183811_gray2.jpg
3584,20210417_183812.jpg,20210417_183812_gray2.jpg
3591,20210417_183819.jpg,20210417_183819_gray2.jpg
3598,20210417_183820.jpg,20210417_183820_gray2.jpg
3605,20210417_183821.jpg,20210417_183821_gray2.jpg
3612,20210417_183828.jpg,20210417_183828_gray2.jpg
3619,20210417_183829.jpg,20210417_183829_gray2.jpg
3626,20210417_183830.jpg,20210417_183830_gray2.jpg
3633,20210417_183841.jpg,20210417_183841_gray2.jpg
3640,20210417_183842.jpg,20210417_183842_gray2.jpg
3647,20210417_183843.jpg,20210417_183843_gray2.jpg
3654,20210417_183924.jpg,20210417_183924_gray2.jpg
3661,20210417_183925(0).jpg,20210417_183925(0)_gray2.jpg
3668,20210417_183925.jpg,20210417_183925_gray2.jpg
3675,20210417_183934(0).jpg,20210417_183934(0)_gray2.jpg
3682,20210417_183934.jpg,20210417_183934_gray2.jpg
3689,20210417_183935.jpg,20210417_183935_gray2.jpg
3696,20210417_183943.jpg,20210417_183943_gray2.jpg
3703,20210417_183944(0).jpg,20210417_183944(0)_gray2.jpg
3710,20210417_183944.jpg,20210417_183944_gray2.jpg
3717,20210417_183951.jpg,20210417_183951_gray2.jpg
3724,20210417_183952.jpg,20210417_183952_gray2.jpg
3731,20210417_183953.jpg,20210417_183953_gray2.jpg
3738,20210417_184002.jpg,20210417_184002_gray2.jpg
3745,20210417_184003.jpg,20210417_184003_gray2.jpg
3752,20210417_184004.jpg,20210417_184004_gray2.jpg
3759,20210417_184011.jpg,20210417_184011_gray2.jpg
3766,20210417_184012.jpg,20210417_184012_gray2.jpg
3773,20210417_184013.jpg,20210417_184013_gray2.jpg
3780,20210417_191004.jpg,20210417_191004_gray2.jpg
3787,20210417_191005(0).jpg,20210417_191005(0)_gray2.jpg
3794,20210417_191005.jpg,20210417_191005_gray2.jpg
3801,20210417_191015.jpg,20210417_191015_gray2.jpg
3808,20210417_191016(0).jpg,20210417_191016(0)_gray2.jpg
3815,20210417_191016.jpg,20210417_191016_gray2.jpg
3822,20210417_191024(0).jpg,20210417_191024(0)_gray2.jpg
3829,20210417_191024.jpg,20210417_191024_gray2.jpg
3836,20210417_191025.jpg,20210417_191025_gray2.jpg
3843,20210417_191036.jpg,20210417_191036_gray2.jpg
3850,20210417_191037.jpg,20210417_191037_gray2.jpg
3857,20210417_191038.jpg,20210417_191038_gray2.jpg
3864,20210417_191050.jpg,20210417_191050_gray2.jpg
3871,20210417_191051.jpg,20210417_191051_gray2.jpg
3878,20210417_191052.jpg,20210417_191052_gray2.jpg
3885,20210417_191121.jpg,20210417_191121_gray2.jpg
3892,20210417_191122.jpg,20210417_191122_gray2.jpg
3899,20210417_191123.jpg,20210417_191123_gray2.jpg
3906,20210417_191133.jpg,20210417_191133_gray2.jpg
3913,20210417_191134.jpg,20210417_191134_gray2.jpg
3920,20210417_191135.jpg,20210417_191135_gray2.jpg
3927,20210417_191144.jpg,20210417_191144_gray2.jpg
3934,20210417_191145.jpg,20210417_191145_gray2.jpg
3941,20210417_191146.jpg,20210417_191146_gray2.jpg
3948,20210417_191154.jpg,20210417_191154_gray2.jpg
3955,20210417_191155.jpg,20210417_191155_gray2.jpg
3962,20210417_191157.jpg,20210417_191157_gray2.jpg
3969,20210417_191217.jpg,20210417_191217_gray2.jpg
3976,20210417_191218(0).jpg,20210417_191218(0)_gray2.jpg
3983,20210417_191218.jpg,20210417_191218_gray2.jpg
3990,20210417_191226.jpg,20210417_191226_gray2.jpg
3997,20210417_191227.jpg,20210417_191227_gray2.jpg
4004,20210417_191228.jpg,20210417_191228_gray2.jpg
4011,20210417_191238.jpg,20210417_191238_gray2.jpg
4018,20210417_191239.jpg,20210417_191239_gray2.jpg
4025,20210417_191240.jpg,20210417_191240_gray2.jpg
4032,20210417_191248.jpg,20210417_191248_gray2.jpg
4039,20210417_191249(0).jpg,20210417_191249(0)_gray2.jpg
4046,20210417_191249.jpg,20210417_191249_gray2.jpg
4053,20210417_191302.jpg,20210417_191302_gray2.jpg
4060,20210417_191303(0).jpg,20210417_191303(0)_gray2.jpg
4067,20210417_191303.jpg,20210417_191303_gray2.jpg
4074,20210417_191417.jpg,20210417_191417_gray2.jpg
4081,20210417_191420.jpg,20210417_191420_gray2.jpg
4088,20210417_191421.jpg,20210417_191421_gray2.jpg
4095,20210417_191431.jpg,20210417_191431_gray2.jpg
4102,20210417_191432.jpg,20210417_191432_gray2.jpg
4109,20210417_191433.jpg,20210417_191433_gray2.jpg
4116,20210417_191442.jpg,20210417_191442_gray2.jpg
4123,20210417_191443(0).jpg,20210417_191443(0)_gray2.jpg
4130,20210417_191443.jpg,20210417_191443_gray2.jpg
4137,20210417_191452.jpg,20210417_191452_gray2.jpg
4144,20210417_191453(0).jpg,20210417_191453(0)_gray2.jpg
4151,20210417_191453.jpg,20210417_191453_gray2.jpg
4158,20210417_191505.jpg,20210417_191505_gray2.jpg
4165,20210417_191506.jpg,20210417_191506_gray2.jpg
4172,20210417_191507.jpg,20210417_191507_gray2.jpg
4179,20210417_191545.jpg,20210417_191545_gray2.jpg
4186,20210417_191546.jpg,20210417_191546_gray2.jpg
4193,20210417_191547.jpg,20210417_191547_gray2.jpg
4200,20210417_191654.jpg,20210417_191654_gray2.jpg
4207,20210417_191655(0).jpg,20210417_191655(0)_gray2.jpg
4214,20210417_191655.jpg,20210417_191655_gray2.jpg
4221,20210417_191705.jpg,20210417_191705_gray2.jpg
4228,20210417_191706(0).jpg,20210417_191706(0)_gray2.jpg
4235,20210417_191706.jpg,20210417_191706_gray2.jpg
4242,20210417_191716(0).jpg,20210417_191716(0)_gray2.jpg
4249,20210417_191716.jpg,20210417_191716_gray2.jpg
4256,20210417_191717.jpg,20210417_191717_gray2.jpg
4263,20210417_191724.jpg,20210417_191724_gray2.jpg
4270,20210417_191725.jpg,20210417_191725_gray2.jpg
4277,20210417_191726.jpg,20210417_191726_gray2.jpg
4284,20210417_191737.jpg,20210417_191737_gray2.jpg
4291,20210417_191738.jpg,20210417_191738_gray2.jpg
4298,20210417_191739.jpg,20210417_191739_gray2.jpg
4305,20210417_191749.jpg,20210417_191749_gray2.jpg
4312,20210417_191750.jpg,20210417_191750_gray2.jpg
4319,20210417_191751.jpg,20210417_191751_gray2.jpg
4326,20210417_191801.jpg,20210417_191801_gray2.jpg
4333,20210417_191802(0).jpg,20210417_191802(0)_gray2.jpg
4340,20210417_191802.jpg,20210417_191802_gray2.jpg
4347,20210417_191811.jpg,20210417_191811_gray2.jpg
4354,20210417_191812.jpg,20210417_191812_gray2.jpg
4361,20210417_191813.jpg,20210417_191813_gray2.jpg
4368,20210417_191821(0).jpg,20210417_191821(0)_gray2.jpg
4375,20210417_191821.jpg,20210417_191821_gray2.jpg
4382,20210417_191822.jpg,20210417_191822_gray2.jpg
4389,20210417_191833.jpg,20210417_191833_gray2.jpg
4396,20210417_191834(0).jpg,20210417_191834(0)_gray2.jpg
4403,20210417_191834.jpg,20210417_191834_gray2.jpg
4410,20210417_191844(0).jpg,20210417_191844(0)_gray2.jpg
4417,20210417_191844.jpg,20210417_191844_gray2.jpg
4424,20210417_191845.jpg,20210417_191845_gray2.jpg
4431,20210417_191855.jpg,20210417_191855_gray2.jpg
4438,20210417_191856.jpg,20210417_191856_gray2.jpg
4445,20210417_191857.jpg,20210417_191857_gray2.jpg
4452,20210417_191904.jpg,20210417_191904_gray2.jpg
4459,20210417_191905.jpg,20210417_191905_gray2.jpg
4466,20210417_191906.jpg,20210417_191906_gray2.jpg
4473,20210417_191917.jpg,20210417_191917_gray2.jpg
4480,20210417_191918.jpg,20210417_191918_gray2.jpg
4487,20210417_191921.jpg,20210417_191921_gray2.jpg
4494,20210417_191928.jpg,20210417_191928_gray2.jpg
4501,20210417_191929.jpg,20210417_191929_gray2.jpg
4508,20210417_191930.jpg,20210417_191930_gray2.jpg
4515,20210417_191938.jpg,20210417_191938_gray2.jpg
4522,20210417_191939.jpg,20210417_191939_gray2.jpg
4529,20210417_191940.jpg,20210417_191940_gray2.jpg
4536,20210417_191949.jpg,20210417_191949_gray2.jpg
4543,20210417_191950(0).jpg,20210417_191950(0)_gray2.jpg
4550,20210417_191950.jpg,20210417_191950_gray2.jpg
4557,20210417_191959.jpg,20210417_191959_gray2.jpg
4564,20210417_192000.jpg,20210417_192000_gray2.jpg
4571,20210417_192001.jpg,20210417_192001_gray2.jpg
4578,20210417_192008.jpg,20210417_192008_gray2.jpg
4585,20210417_192009.jpg,20210417_192009_gray2.jpg
4592,20210417_192010.jpg,20210417_192010_gray2.jpg
4599,20210417_192029.jpg,20210417_192029_gray2.jpg
4606,20210417_192030.jpg,20210417_192030_gray2.jpg
4613,20210417_192031.jpg,20210417_192031_gray2.jpg
4620,20210417_192220(0).jpg,20210417_192220(0)_gray2.jpg
4627,20210417_192220.jpg,20210417_192220_gray2.jpg
4634,20210417_192221.jpg,20210417_192221_gray2.jpg
4641,20210417_192234.jpg,20210417_192234_gray2.jpg
4648,20210417_192237.jpg,20210417_192237_gray2.jpg
4655,20210417_192238.jpg,20210417_192238_gray2.jpg
4662,20210417_192248(0).jpg,20210417_192248(0)_gray2.jpg
4669,20210417_192248.jpg,20210417_192248_gray2.jpg
4676,20210417_192249.jpg,20210417_192249_gray2.jpg
4683,20210417_192258.jpg,20210417_192258_gray2.jpg
4690,20210417_192259(0).jpg,20210417_192259(0)_gray2.jpg
4697,20210417_192259.jpg,20210417_192259_gray2.jpg
4704,20210417_192308.jpg,20210417_192308_gray2.jpg
4711,20210417_192309.jpg,20210417_192309_gray2.jpg
4718,20210417_192311.jpg,20210417_192311_gray2.jpg
4725,20210417_192429.jpg,20210417_192429_gray2.jpg
4732,20210417_192430.jpg,20210417_192430_gray2.jpg
4739,20210417_192431.jpg,20210417_192431_gray2.jpg
4746,20210417_192439.jpg,20210417_192439_gray2.jpg
4753,20210417_192440(0).jpg,20210417_192440(0)_gray2.jpg
4760,20210417_192440.jpg,20210417_192440_gray2.jpg
4767,20210417_192446.jpg,20210417_192446_gray2.jpg
4774,20210417_192448.jpg,20210417_192448_gray2.jpg
4781,20210417_192449.jpg,20210417_192449_gray2.jpg
4788,20210417_192454.jpg,20210417_192454_gray2.jpg
4795,20210417_192455.jpg,20210417_192455_gray2.jpg
4802,20210417_192456.jpg,20210417_192456_gray2.jpg
4809,20210417_192320.jpg,20210417_192320_gray2.jpg
4816,20210417_192321.jpg,20210417_192321_gray2.jpg
4823,20210417_192322.jpg,20210417_192322_gray2.jpg
4830,20210417_192330.jpg,20210417_192330_gray2.jpg
4837,20210417_192331.jpg,20210417_192331_gray2.jpg
4844,20210417_192332.jpg,20210417_192332_gray2.jpg
4851,20210417_192339.jpg,20210417_192339_gray2.jpg
4858,20210417_192340.jpg,20210417_192340_gray2.jpg
4865,20210417_192341.jpg,20210417_192341_gray2.jpg
4872,20210417_192350.jpg,20210417_192350_gray2.jpg
4879,20210417_192351.jpg,20210417_192351_gray2.jpg
4886,20210417_192352.jpg,20210417_192352_gray2.jpg
4893,20210417_192402.jpg,20210417_192402_gray2.jpg
4900,20210417_192403.jpg,20210417_192403_gray2.jpg
4907,20210417_192404.jpg,20210417_192404_gray2.jpg
4914,20210417_192503.jpg,20210417_192503_gray2.jpg
4921,20210417_192504.jpg,20210417_192504_gray2.jpg
4928,20210417_192505.jpg,20210417_192505_gray2.jpg
4935,20210417_192512.jpg,20210417_192512_gray2.jpg
4942,20210417_192513.jpg,20210417_192513_gray2.jpg
4949,20210417_192514.jpg,20210417_192514_gray2.jpg
4956,20210417_192522.jpg,20210417_192522_gray2.jpg
4963,20210417_192523.jpg,20210417_192523_gray2.jpg
4970,20210417_192525.jpg,20210417_192525_gray2.jpg
4977,20210417_192532.jpg,20210417_192532_gray2.jpg
4984,20210417_192533.jpg,20210417_192533_gray2.jpg
4991,20210417_192534.jpg,20210417_192534_gray2.jpg
4998,20210417_192542.jpg,20210417_192542_gray2.jpg
5005,20210417_192543.jpg,20210417_192543_gray2.jpg
5012,20210417_192544.jpg,20210417_192544_gray2.jpg
5019,20210417_192554.jpg,20210417_192554_gray2.jpg
5026,20210417_192555.jpg,20210417_192555_gray2.jpg
5033,20210417_192556.jpg,20210417_192556_gray2.jpg
5040,PHOTO_20210502_110644.jpg,PHOTO_20210502_110644_gray2.jpg
5047,PHOTO_20210502_110649.jpg,PHOTO_20210502_110649_gray2.jpg
5054,PHOTO_20210502_110652.jpg,PHOTO_20210502_110652_gray2.jpg
5061,PHOTO_20210502_110716.jpg,PHOTO_20210502_110716_gray2.jpg
5068,PHOTO_20210502_110718.jpg,PHOTO_20210502_110718_gray2.jpg
5075,PHOTO_20210502_110719.jpg,PHOTO_20210502_110719_gray2.jpg
5082,PHOTO_20210502_110744.jpg,PHOTO_20210502_110744_gray2.jpg
5089,PHOTO_20210502_110745.jpg,PHOTO_20210502_110745_gray2.jpg
5096,PHOTO_20210502_110750.jpg,PHOTO_20210502_110750_gray2.jpg
5103,PHOTO_20210502_111032.jpg,PHOTO_20210502_111032_gray2.jpg
5110,PHOTO_20210502_111031.jpg,PHOTO_20210502_111031_gray2.jpg
5117,PHOTO_20210502_111033.jpg,PHOTO_20210502_111033_gray2.jpg
5124,PHOTO_20210502_111108.jpg,PHOTO_20210502_111108_gray2.jpg
5131,PHOTO_20210502_111107.jpg,PHOTO_20210502_111107_gray2.jpg
5138,PHOTO_20210502_111111.jpg,PHOTO_20210502_111111_gray2.jpg
5145,PHOTO_20210502_111136.jpg,PHOTO_20210502_111136_gray2.jpg
5152,PHOTO_20210502_111138.jpg,PHOTO_20210502_111138_gray2.jpg
5159,PHOTO_20210502_111137.jpg,PHOTO_20210502_111137_gray2.jpg
5166,PHOTO_20210502_111212.jpg,PHOTO_20210502_111212_gray2.jpg
5173,PHOTO_20210502_111214.jpg,PHOTO_20210502_111214_gray2.jpg
5180,PHOTO_20210502_111217.jpg,PHOTO_20210502_111217_gray2.jpg
5187,PHOTO_20210502_111236.jpg,PHOTO_20210502_111236_gray2.jpg
5194,PHOTO_20210502_111240.jpg,PHOTO_20210502_111240_gray2.jpg
5201,PHOTO_20210502_111241.jpg,PHOTO_20210502_111241_gray2.jpg
5208,PHOTO_20210502_111256.jpg,PHOTO_20210502_111256_gray2.jpg
5215,PHOTO_20210502_111257.jpg,PHOTO_20210502_111257_gray2.jpg
5222,PHOTO_20210502_111300.jpg,PHOTO_20210502_111300_gray2.jpg
5229,PHOTO_20210502_111435.jpg,PHOTO_20210502_111435_gray2.jpg
5236,PHOTO_20210502_111438.jpg,PHOTO_20210502_111438_gray2.jpg
5243,PHOTO_20210502_111439.jpg,PHOTO_20210502_111439_gray2.jpg
5250,PHOTO_20210502_111454.jpg,PHOTO_20210502_111454_gray2.jpg
5257,PHOTO_20210502_111456.jpg,PHOTO_20210502_111456_gray2.jpg
5264,PHOTO_20210502_111457.jpg,PHOTO_20210502_111457_gray2.jpg
5271,PHOTO_20210502_111513.jpg,PHOTO_20210502_111513_gray2.jpg
5278,PHOTO_20210502_111530.jpg,PHOTO_20210502_111530_gray2.jpg
5285,PHOTO_20210502_111531.jpg,PHOTO_20210502_111531_gray2.jpg
5292,PHOTO_20210502_111556.jpg,PHOTO_20210502_111556_gray2.jpg
5299,PHOTO_20210502_111559.jpg,PHOTO_20210502_111559_gray2.jpg
5306,PHOTO_20210502_111600.jpg,PHOTO_20210502_111600_gray2.jpg
5313,PHOTO_20210502_111641.jpg,PHOTO_20210502_111641_gray2.jpg
5320,PHOTO_20210502_111643.jpg,PHOTO_20210502_111643_gray2.jpg
5327,PHOTO_20210502_111646.jpg,PHOTO_20210502_111646_gray2.jpg
5334,PHOTO_20210502_111707.jpg,PHOTO_20210502_111707_gray2.jpg
5341,PHOTO_20210502_111708.jpg,PHOTO_20210502_111708_gray2.jpg
5348,PHOTO_20210502_111715.jpg,PHOTO_20210502_111715_gray2.jpg
5355,PHOTO_20210502_111804.jpg,PHOTO_20210502_111804_gray2.jpg
5362,PHOTO_20210502_111806.jpg,PHOTO_20210502_111806_gray2.jpg
5369,PHOTO_20210502_111807.jpg,PHOTO_20210502_111807_gray2.jpg
5376,PHOTO_20210502_111826.jpg,PHOTO_20210502_111826_gray2.jpg
5383,PHOTO_20210502_111828.jpg,PHOTO_20210502_111828_gray2.jpg
5390,PHOTO_20210502_111830.jpg,PHOTO_20210502_111830_gray2.jpg
5397,PHOTO_20210502_111918.jpg,PHOTO_20210502_111918_gray2.jpg
5404,PHOTO_20210502_111917.jpg,PHOTO_20210502_111917_gray2.jpg
5411,PHOTO_20210502_111920.jpg,PHOTO_20210502_111920_gray2.jpg
5418,PHOTO_20210502_112027.jpg,PHOTO_20210502_112027_gray2.jpg
5425,PHOTO_20210502_112028.jpg,PHOTO_20210502_112028_gray2.jpg
5432,PHOTO_20210502_112030.jpg,PHOTO_20210502_112030_gray2.jpg
5439,PHOTO_20210502_112046.jpg,PHOTO_20210502_112046_gray2.jpg
5446,PHOTO_20210502_112049.jpg,PHOTO_20210502_112049_gray2.jpg
5453,PHOTO_20210502_112047.jpg,PHOTO_20210502_112047_gray2.jpg
5460,PHOTO_20210502_112102.jpg,PHOTO_20210502_112102_gray2.jpg
5467,PHOTO_20210502_112104.jpg,PHOTO_20210502_112104_gray2.jpg
5474,PHOTO_20210502_112105.jpg,PHOTO_20210502_112105_gray2.jpg
5481,PHOTO_20210502_112120.jpg,PHOTO_20210502_112120_gray2.jpg
5488,PHOTO_20210502_112122.jpg,PHOTO_20210502_112122_gray2.jpg
5495,PHOTO_20210502_112123.jpg,PHOTO_20210502_112123_gray2.jpg
5502,PHOTO_20210502_112242.jpg,PHOTO_20210502_112242_gray2.jpg
5509,PHOTO_20210502_112241.jpg,PHOTO_20210502_112241_gray2.jpg
5516,PHOTO_20210502_112244.jpg,PHOTO_20210502_112244_gray2.jpg
5523,PHOTO_20210502_112259.jpg,PHOTO_20210502_112259_gray2.jpg
5530,PHOTO_20210502_112302.jpg,PHOTO_20210502_112302_gray2.jpg
5537,PHOTO_20210502_112301.jpg,PHOTO_20210502_112301_gray2.jpg
5544,PHOTO_20210502_112323.jpg,PHOTO_20210502_112323_gray2.jpg
5551,PHOTO_20210502_112321.jpg,PHOTO_20210502_112321_gray2.jpg
5558,PHOTO_20210502_112324.jpg,PHOTO_20210502_112324_gray2.jpg
5565,PHOTO_20210502_112336.jpg,PHOTO_20210502_112336_gray2.jpg
5572,PHOTO_20210502_112335.jpg,PHOTO_20210502_112335_gray2.jpg
5579,PHOTO_20210502_112338.jpg,PHOTO_20210502_112338_gray2.jpg
5586,PHOTO_20210502_112352.jpg,PHOTO_20210502_112352_gray2.jpg
5593,PHOTO_20210502_112351.jpg,PHOTO_20210502_112351_gray2.jpg
5600,PHOTO_20210502_112353.jpg,PHOTO_20210502_112353_gray2.jpg
5607,PHOTO_20210502_145342.jpg,PHOTO_20210502_145342_gray2.jpg
5614,PHOTO_20210502_145344.jpg,PHOTO_20210502_145344_gray2.jpg
5621,PHOTO_20210502_145345.jpg,PHOTO_20210502_145345_gray2.jpg
5628,PHOTO_20210502_145411.jpg,PHOTO_20210502_145411_gray2.jpg
5635,PHOTO_20210502_145410.jpg,PHOTO_20210502_145410_gray2.jpg
5642,PHOTO_20210502_145412.jpg,PHOTO_20210502_145412_gray2.jpg
5649,PHOTO_20210502_145434.jpg,PHOTO_20210502_145434_gray2.jpg
5656,PHOTO_20210502_145433.jpg,PHOTO_20210502_145433_gray2.jpg
5663,PHOTO_20210502_145437.jpg,PHOTO_20210502_145437_gray2.jpg
5670,PHOTO_20210502_145501.jpg,PHOTO_20210502_145501_gray2.jpg
5677,PHOTO_20210502_145502.jpg,PHOTO_20210502_145502_gray2.jpg
5684,PHOTO_20210502_145504.jpg,PHOTO_20210502_145504_gray2.jpg
5691,PHOTO_20210502_145519.jpg,PHOTO_20210502_145519_gray2.jpg
5698,PHOTO_20210502_145520.jpg,PHOTO_20210502_145520_gray2.jpg
5705,PHOTO_20210502_145522.jpg,PHOTO_20210502_145522_gray2.jpg
5712,PHOTO_20210502_145539.jpg,PHOTO_20210502_145539_gray2.jpg
5719,PHOTO_20210502_145543.jpg,PHOTO_20210502_145543_gray2.jpg
5726,PHOTO_20210502_145544.jpg,PHOTO_20210502_145544_gray2.jpg
5733,PHOTO_20210502_145618.jpg,PHOTO_20210502_145618_gray2.jpg
5740,PHOTO_20210502_145620.jpg,PHOTO_20210502_145620_gray2.jpg
5747,PHOTO_20210502_145619.jpg,PHOTO_20210502_145619_gray2.jpg
5754,PHOTO_20210502_145639.jpg,PHOTO_20210502_145639_gray2.jpg
5761,PHOTO_20210502_145643.jpg,PHOTO_20210502_145643_gray2.jpg
5768,PHOTO_20210502_145641.jpg,PHOTO_20210502_145641_gray2.jpg
5775,PHOTO_20210502_145655.jpg,PHOTO_20210502_145655_gray2.jpg
5782,PHOTO_20210502_145654.jpg,PHOTO_20210502_145654_gray2.jpg
5789,PHOTO_20210502_145656.jpg,PHOTO_20210502_145656_gray2.jpg
5796,PHOTO_20210502_150032.jpg,PHOTO_20210502_150032_gray2.jpg
5803,PHOTO_20210502_150036.jpg,PHOTO_20210502_150036_gray2.jpg
5810,PHOTO_20210502_150035.jpg,PHOTO_20210502_150035_gray2.jpg
5817,PHOTO_20210502_150059.jpg,PHOTO_20210502_150059_gray2.jpg
5824,PHOTO_20210502_150057.jpg,PHOTO_20210502_150057_gray2.jpg
5831,PHOTO_20210502_150102.jpg,PHOTO_20210502_150102_gray2.jpg
5838,PHOTO_20210502_150117.jpg,PHOTO_20210502_150117_gray2.jpg
5845,PHOTO_20210502_150116.jpg,PHOTO_20210502_150116_gray2.jpg
5852,PHOTO_20210502_150119.jpg,PHOTO_20210502_150119_gray2.jpg
5859,PHOTO_20210502_150147.jpg,PHOTO_20210502_150147_gray2.jpg
5866,PHOTO_20210502_150149.jpg,PHOTO_20210502_150149_gray2.jpg
5873,PHOTO_20210502_150148.jpg,PHOTO_20210502_150148_gray2.jpg
5880,PHOTO_20210502_150206.jpg,PHOTO_20210502_150206_gray2.jpg
5887,PHOTO_20210502_150208.jpg,PHOTO_20210502_150208_gray2.jpg
5894,PHOTO_20210502_150207.jpg,PHOTO_20210502_150207_gray2.jpg
5901,PHOTO_20210502_150226.jpg,PHOTO_20210502_150226_gray2.jpg
5908,PHOTO_20210502_150229.jpg,PHOTO_20210502_150229_gray2.jpg
5915,PHOTO_20210502_150228.jpg,PHOTO_20210502_150228_gray2.jpg
5922,PHOTO_20210502_150257.jpg,PHOTO_20210502_150257_gray2.jpg
5929,PHOTO_20210502_150256.jpg,PHOTO_20210502_150256_gray2.jpg
5936,PHOTO_20210502_150255.jpg,PHOTO_20210502_150255_gray2.jpg
5943,PHOTO_20210502_150309.jpg,PHOTO_20210502_150309_gray2.jpg
5950,PHOTO_20210502_150310_1.jpg,PHOTO_20210502_150310_1_gray2.jpg
5957,PHOTO_20210502_150310.jpg,PHOTO_20210502_150310_gray2.jpg
5964,PHOTO_20210502_150321.jpg,PHOTO_20210502_150321_gray2.jpg
5971,PHOTO_20210502_150322.jpg,PHOTO_20210502_150322_gray2.jpg
5978,PHOTO_20210502_150324.jpg,PHOTO_20210502_150324_gray2.jpg
5985,PHOTO_20210502_151234.jpg,PHOTO_20210502_151234_gray2.jpg
5992,PHOTO_20210502_151236.jpg,PHOTO_20210502_151236_gray2.jpg
5999,PHOTO_20210502_151235.jpg,PHOTO_20210502_151235_gray2.jpg
6006,PHOTO_20210502_151249.jpg,PHOTO_20210502_151249_gray2.jpg
6013,PHOTO_20210502_151250.jpg,PHOTO_20210502_151250_gray2.jpg
6020,PHOTO_20210502_151251.jpg,PHOTO_20210502_151251_gray2.jpg
6027,PHOTO_20210502_151311.jpg,PHOTO_20210502_151311_gray2.jpg
6034,PHOTO_20210502_151310.jpg,PHOTO_20210502_151310_gray2.jpg
6041,PHOTO_20210502_151312.jpg,PHOTO_20210502_151312_gray2.jpg
6048,PHOTO_20210502_151335.jpg,PHOTO_20210502_151335_gray2.jpg
6055,PHOTO_20210502_151334.jpg,PHOTO_20210502_151334_gray2.jpg
6062,PHOTO_20210502_151337.jpg,PHOTO_20210502_151337_gray2.jpg
6069,PHOTO_20210502_151350.jpg,PHOTO_20210502_151350_gray2.jpg
6076,PHOTO_20210502_151352.jpg,PHOTO_20210502_151352_gray2.jpg
6083,PHOTO_20210502_151351.jpg,PHOTO_20210502_151351_gray2.jpg
6090,PHOTO_20210502_151405.jpg,PHOTO_20210502_151405_gray2.jpg
6097,PHOTO_20210502_151407.jpg,PHOTO_20210502_151407_gray2.jpg
6104,PHOTO_20210502_151406.jpg,PHOTO_20210502_151406_gray2.jpg
6111,PHOTO_20210502_151439.jpg,PHOTO_20210502_151439_gray2.jpg
6118,PHOTO_20210502_151441.jpg,PHOTO_20210502_151441_gray2.jpg
6125,PHOTO_20210502_151440.jpg,PHOTO_20210502_151440_gray2.jpg
6132,PHOTO_20210502_151455.jpg,PHOTO_20210502_151455_gray2.jpg
6139,PHOTO_20210502_151456.jpg,PHOTO_20210502_151456_gray2.jpg
6146,PHOTO_20210502_151455_1.jpg,PHOTO_20210502_151455_1_gray2.jpg
6153,PHOTO_20210502_151510.jpg,PHOTO_20210502_151510_gray2.jpg
6160,PHOTO_20210502_151509.jpg,PHOTO_20210502_151509_gray2.jpg
6167,PHOTO_20210502_151512.jpg,PHOTO_20210502_151512_gray2.jpg
6174,PHOTO_20210502_185555.jpg,PHOTO_20210502_185555_gray2.jpg
6181,PHOTO_20210502_185558.jpg,PHOTO_20210502_185558_gray2.jpg
6188,PHOTO_20210502_185557.jpg,PHOTO_20210502_185557_gray2.jpg
6195,PHOTO_20210502_185625.jpg,PHOTO_20210502_185625_gray2.jpg
6202,PHOTO_20210502_185623.jpg,PHOTO_20210502_185623_gray2.jpg
6209,PHOTO_20210502_185626.jpg,PHOTO_20210502_185626_gray2.jpg
6216,PHOTO_20210502_185652.jpg,PHOTO_20210502_185652_gray2.jpg
6223,PHOTO_20210502_185654.jpg,PHOTO_20210502_185654_gray2.jpg
6230,PHOTO_20210502_185655.jpg,PHOTO_20210502_185655_gray2.jpg
6237,PHOTO_20210502_185715.jpg,PHOTO_20210502_185715_gray2.jpg
6244,PHOTO_20210502_185718.jpg,PHOTO_20210502_185718_gray2.jpg
6251,PHOTO_20210502_185719.jpg,PHOTO_20210502_185719_gray2.jpg
6258,PHOTO_20210502_185742.jpg,PHOTO_20210502_185742_gray2.jpg
6265,PHOTO_20210502_185746.jpg,PHOTO_20210502_185746_gray2.jpg
6272,PHOTO_20210502_185744.jpg,PHOTO_20210502_185744_gray2.jpg
6279,PHOTO_20210502_185809.jpg,PHOTO_20210502_185809_gray2.jpg
6286,PHOTO_20210502_185811.jpg,PHOTO_20210502_185811_gray2.jpg
6293,PHOTO_20210502_185813.jpg,PHOTO_20210502_185813_gray2.jpg
6300,PHOTO_20210502_185854.jpg,PHOTO_20210502_185854_gray2.jpg
6307,PHOTO_20210502_185900.jpg,PHOTO_20210502_185900_gray2.jpg
6314,PHOTO_20210502_185859.jpg,PHOTO_20210502_185859_gray2.jpg
6321,PHOTO_20210502_185914.jpg,PHOTO_20210502_185914_gray2.jpg
6328,PHOTO_20210502_185916.jpg,PHOTO_20210502_185916_gray2.jpg
6335,PHOTO_20210502_185915.jpg,PHOTO_20210502_185915_gray2.jpg
6342,PHOTO_20210502_185927.jpg,PHOTO_20210502_185927_gray2.jpg
6349,PHOTO_20210502_185929.jpg,PHOTO_20210502_185929_gray2.jpg
6356,PHOTO_20210502_185932.jpg,PHOTO_20210502_185932_gray2.jpg
6363,PHOTO_20210502_190024.jpg,PHOTO_20210502_190024_gray2.jpg
6370,PHOTO_20210502_190025.jpg,PHOTO_20210502_190025_gray2.jpg
6377,PHOTO_20210502_190028.jpg,PHOTO_20210502_190028_gray2.jpg
6384,PHOTO_20210502_190042.jpg,PHOTO_20210502_190042_gray2.jpg
6391,PHOTO_20210502_190041.jpg,PHOTO_20210502_190041_gray2.jpg
6398,PHOTO_20210502_190044.jpg,PHOTO_20210502_190044_gray2.jpg
6405,PHOTO_20210502_190056.jpg,PHOTO_20210502_190056_gray2.jpg
6412,PHOTO_20210502_190059.jpg,PHOTO_20210502_190059_gray2.jpg
6419,PHOTO_20210502_190057.jpg,PHOTO_20210502_190057_gray2.jpg
6426,PHOTO_20210502_190111.jpg,PHOTO_20210502_190111_gray2.jpg
6433,PHOTO_20210502_190112.jpg,PHOTO_20210502_190112_gray2.jpg
6440,PHOTO_20210502_190113.jpg,PHOTO_20210502_190113_gray2.jpg
6447,PHOTO_20210502_190130.jpg,PHOTO_20210502_190130_gray2.jpg
6454,PHOTO_20210502_190133.jpg,PHOTO_20210502_190133_gray2.jpg
6461,PHOTO_20210502_190131.jpg,PHOTO_20210502_190131_gray2.jpg
6468,PHOTO_20210502_190147.jpg,PHOTO_20210502_190147_gray2.jpg
6475,PHOTO_20210502_190148.jpg,PHOTO_20210502_190148_gray2.jpg
6482,PHOTO_20210502_190149.jpg,PHOTO_20210502_190149_gray2.jpg
6489,PHOTO_20210502_190202.jpg,PHOTO_20210502_190202_gray2.jpg
6496,PHOTO_20210502_190204.jpg,PHOTO_20210502_190204_gray2.jpg
6503,PHOTO_20210502_190203.jpg,PHOTO_20210502_190203_gray2.jpg
6510,PHOTO_20210502_190214.jpg,PHOTO_20210502_190214_gray2.jpg
6517,PHOTO_20210502_190216.jpg,PHOTO_20210502_190216_gray2.jpg
6524,PHOTO_20210502_190218.jpg,PHOTO_20210502_190218_gray2.jpg
6531,PHOTO_20210502_190243.jpg,PHOTO_20210502_190243_gray2.jpg
6538,PHOTO_20210502_190244.jpg,PHOTO_20210502_190244_gray2.jpg
6545,PHOTO_20210502_190246.jpg,PHOTO_20210502_190246_gray2.jpg
6552,PHOTO_20210502_190507.jpg,PHOTO_20210502_190507_gray2.jpg
6559,PHOTO_20210502_190508.jpg,PHOTO_20210502_190508_gray2.jpg
6566,PHOTO_20210502_190510.jpg,PHOTO_20210502_190510_gray2.jpg
6573,PHOTO_20210502_190526.jpg,PHOTO_20210502_190526_gray2.jpg
6580,PHOTO_20210502_190528.jpg,PHOTO_20210502_190528_gray2.jpg
6587,PHOTO_20210502_190527.jpg,PHOTO_20210502_190527_gray2.jpg
6594,PHOTO_20210502_190543.jpg,PHOTO_20210502_190543_gray2.jpg
6601,PHOTO_20210502_190544.jpg,PHOTO_20210502_190544_gray2.jpg
6608,PHOTO_20210502_190545.jpg,PHOTO_20210502_190545_gray2.jpg
6615,PHOTO_20210502_190610.jpg,PHOTO_20210502_190610_gray2.jpg
6622,PHOTO_20210502_190609.jpg,PHOTO_20210502_190609_gray2.jpg
6629,PHOTO_20210502_190612.jpg,PHOTO_20210502_190612_gray2.jpg
6636,PHOTO_20210502_190632.jpg,PHOTO_20210502_190632_gray2.jpg
6643,PHOTO_20210502_190631.jpg,PHOTO_20210502_190631_gray2.jpg
6650,PHOTO_20210502_190634.jpg,PHOTO_20210502_190634_gray2.jpg
6657,PHOTO_20210502_190653.jpg,PHOTO_20210502_190653_gray2.jpg
6664,PHOTO_20210502_190652.jpg,PHOTO_20210502_190652_gray2.jpg
6671,PHOTO_20210502_190654.jpg,PHOTO_20210502_190654_gray2.jpg
6678,PHOTO_20210502_190711.jpg,PHOTO_20210502_190711_gray2.jpg
6685,PHOTO_20210502_190713.jpg,PHOTO_20210502_190713_gray2.jpg
6692,PHOTO_20210502_190712.jpg,PHOTO_20210502_190712_gray2.jpg
6699,PHOTO_20210502_190727.jpg,PHOTO_20210502_190727_gray2.jpg
6706,PHOTO_20210502_190728.jpg,PHOTO_20210502_190728_gray2.jpg
6713,PHOTO_20210502_190729.jpg,PHOTO_20210502_190729_gray2.jpg
6720,PHOTO_20210502_190753.jpg,PHOTO_20210502_190753_gray2.jpg
6727,PHOTO_20210502_190751.jpg,PHOTO_20210502_190751_gray2.jpg
6734,PHOTO_20210502_190755.jpg,PHOTO_20210502_190755_gray2.jpg
6741,PHOTO_20210502_205555.jpg,PHOTO_20210502_205555_gray2.jpg
6748,PHOTO_20210502_205554.jpg,PHOTO_20210502_205554_gray2.jpg
6755,PHOTO_20210502_205556.jpg,PHOTO_20210502_205556_gray2.jpg
6762,PHOTO_20210502_205619.jpg,PHOTO_20210502_205619_gray2.jpg
6769,PHOTO_20210502_205618.jpg,PHOTO_20210502_205618_gray2.jpg
6776,PHOTO_20210502_205620.jpg,PHOTO_20210502_205620_gray2.jpg
6783,PHOTO_20210502_205634.jpg,PHOTO_20210502_205634_gray2.jpg
6790,PHOTO_20210502_205636.jpg,PHOTO_20210502_205636_gray2.jpg
6797,PHOTO_20210502_205641.jpg,PHOTO_20210502_205641_gray2.jpg
6804,PHOTO_20210502_205703.jpg,PHOTO_20210502_205703_gray2.jpg
6811,PHOTO_20210502_205705.jpg,PHOTO_20210502_205705_gray2.jpg
6818,PHOTO_20210502_205707.jpg,PHOTO_20210502_205707_gray2.jpg
6825,PHOTO_20210502_205724.jpg,PHOTO_20210502_205724_gray2.jpg
6832,PHOTO_20210502_205725.jpg,PHOTO_20210502_205725_gray2.jpg
6839,PHOTO_20210502_205727.jpg,PHOTO_20210502_205727_gray2.jpg
6846,PHOTO_20210502_205754.jpg,PHOTO_20210502_205754_gray2.jpg
6853,PHOTO_20210502_205756.jpg,PHOTO_20210502_205756_gray2.jpg
6860,PHOTO_20210502_205758.jpg,PHOTO_20210502_205758_gray2.jpg
6867,PHOTO_20210502_205830.jpg,PHOTO_20210502_205830_gray2.jpg
6874,PHOTO_20210502_205842.jpg,PHOTO_20210502_205842_gray2.jpg
6881,PHOTO_20210502_205844.jpg,PHOTO_20210502_205844_gray2.jpg
6888,PHOTO_20210502_205904.jpg,PHOTO_20210502_205904_gray2.jpg
6895,PHOTO_20210502_205906.jpg,PHOTO_20210502_205906_gray2.jpg
6902,PHOTO_20210502_205909.jpg,PHOTO_20210502_205909_gray2.jpg
6909,PHOTO_20210502_205921.jpg,PHOTO_20210502_205921_gray2.jpg
6916,PHOTO_20210502_205923.jpg,PHOTO_20210502_205923_gray2.jpg
6923,PHOTO_20210502_205926.jpg,PHOTO_20210502_205926_gray2.jpg
6930,PHOTO_20210502_210056.jpg,PHOTO_20210502_210056_gray2.jpg
6937,PHOTO_20210502_210058.jpg,PHOTO_20210502_210058_gray2.jpg
6944,PHOTO_20210502_210100.jpg,PHOTO_20210502_210100_gray2.jpg
6951,PHOTO_20210502_210127.jpg,PHOTO_20210502_210127_gray2.jpg
6958,PHOTO_20210502_210128.jpg,PHOTO_20210502_210128_gray2.jpg
6965,PHOTO_20210502_210129.jpg,PHOTO_20210502_210129_gray2.jpg
6972,PHOTO_20210502_210144.jpg,PHOTO_20210502_210144_gray2.jpg
6979,PHOTO_20210502_210143.jpg,PHOTO_20210502_210143_gray2.jpg
6986,PHOTO_20210502_210146.jpg,PHOTO_20210502_210146_gray2.jpg
6993,PHOTO_20210502_210203.jpg,PHOTO_20210502_210203_gray2.jpg
7000,PHOTO_20210502_210204.jpg,PHOTO_20210502_210204_gray2.jpg
7007,PHOTO_20210502_210206.jpg,PHOTO_20210502_210206_gray2.jpg
7014,PHOTO_20210502_210223.jpg,PHOTO_20210502_210223_gray2.jpg
7021,PHOTO_20210502_210224.jpg,PHOTO_20210502_210224_gray2.jpg
7028,PHOTO_20210502_210225.jpg,PHOTO_20210502_210225_gray2.jpg
7035,PHOTO_20210502_210241.jpg,PHOTO_20210502_210241_gray2.jpg
7042,PHOTO_20210502_210239.jpg,PHOTO_20210502_210239_gray2.jpg
7049,PHOTO_20210502_210242.jpg,PHOTO_20210502_210242_gray2.jpg
7056,PHOTO_20210502_210310.jpg,PHOTO_20210502_210310_gray2.jpg
7063,PHOTO_20210502_210309.jpg,PHOTO_20210502_210309_gray2.jpg
7070,PHOTO_20210502_210312.jpg,PHOTO_20210502_210312_gray2.jpg
7077,PHOTO_20210502_210323.jpg,PHOTO_20210502_210323_gray2.jpg
7084,PHOTO_20210502_210326.jpg,PHOTO_20210502_210326_gray2.jpg
7091,PHOTO_20210502_210325.jpg,PHOTO_20210502_210325_gray2.jpg
7098,PHOTO_20210502_210347.jpg,PHOTO_20210502_210347_gray2.jpg
7105,PHOTO_20210502_210348.jpg,PHOTO_20210502_210348_gray2.jpg
7112,PHOTO_20210502_210349.jpg,PHOTO_20210502_210349_gray2.jpg
7119,PHOTO_20210502_210441.jpg,PHOTO_20210502_210441_gray2.jpg
7126,PHOTO_20210502_210440.jpg,PHOTO_20210502_210440_gray2.jpg
7133,PHOTO_20210502_210442.jpg,PHOTO_20210502_210442_gray2.jpg
7140,PHOTO_20210502_210457.jpg,PHOTO_20210502_210457_gray2.jpg
7147,PHOTO_20210502_210458.jpg,PHOTO_20210502_210458_gray2.jpg
7154,PHOTO_20210502_210457_1.jpg,PHOTO_20210502_210457_1_gray2.jpg
7161,PHOTO_20210502_210513.jpg,PHOTO_20210502_210513_gray2.jpg
7168,PHOTO_20210502_210511.jpg,PHOTO_20210502_210511_gray2.jpg
7175,PHOTO_20210502_210514.jpg,PHOTO_20210502_210514_gray2.jpg
7182,PHOTO_20210502_210535.jpg,PHOTO_20210502_210535_gray2.jpg
7189,PHOTO_20210502_210534.jpg,PHOTO_20210502_210534_gray2.jpg
7196,PHOTO_20210502_210537.jpg,PHOTO_20210502_210537_gray2.jpg
7203,PHOTO_20210502_210548.jpg,PHOTO_20210502_210548_gray2.jpg
7210,PHOTO_20210502_210550.jpg,PHOTO_20210502_210550_gray2.jpg
7217,PHOTO_20210502_210549.jpg,PHOTO_20210502_210549_gray2.jpg
7224,PHOTO_20210502_210600.jpg,PHOTO_20210502_210600_gray2.jpg
7231,PHOTO_20210502_210603.jpg,PHOTO_20210502_210603_gray2.jpg
7238,PHOTO_20210502_210602.jpg,PHOTO_20210502_210602_gray2.jpg
7245,PHOTO_20210502_210630.jpg,PHOTO_20210502_210630_gray2.jpg
7252,PHOTO_20210502_210632.jpg,PHOTO_20210502_210632_gray2.jpg
7259,PHOTO_20210502_210631.jpg,PHOTO_20210502_210631_gray2.jpg
7266,PHOTO_20210502_210642.jpg,PHOTO_20210502_210642_gray2.jpg
7273,PHOTO_20210502_210645.jpg,PHOTO_20210502_210645_gray2.jpg
7280,PHOTO_20210502_210644.jpg,PHOTO_20210502_210644_gray2.jpg
7287,PHOTO_20210502_210655.jpg,PHOTO_20210502_210655_gray2.jpg
7294,PHOTO_20210502_210656.jpg,PHOTO_20210502_210656_gray2.jpg
7301,PHOTO_20210502_210658.jpg,PHOTO_20210502_210658_gray2.jpg
7308,20210502_213216.jpg,20210502_213216_gray2.jpg
7315,20210502_213208.jpg,20210502_213208_gray2.jpg
7322,20210502_213159.jpg,20210502_213159_gray2.jpg
7329,20210502_213151.jpg,20210502_213151_gray2.jpg
7336,20210502_213144.jpg,20210502_213144_gray2.jpg
7343,20210502_213136.jpg,20210502_213136_gray2.jpg
7350,20210502_213129.jpg,20210502_213129_gray2.jpg
7357,20210502_213122.jpg,20210502_213122_gray2.jpg
7364,20210502_213110.jpg,20210502_213110_gray2.jpg
7371,20210502_213103.jpg,20210502_213103_gray2.jpg
7378,20210502_213052.jpg,20210502_213052_gray2.jpg
7385,20210502_213045.jpg,20210502_213045_gray2.jpg
7392,20210502_213036.jpg,20210502_213036_gray2.jpg
7399,20210502_213025.jpg,20210502_213025_gray2.jpg
7406,20210502_213016.jpg,20210502_213016_gray2.jpg
7413,20210502_212935.jpg,20210502_212935_gray2.jpg
7420,20210502_212928.jpg,20210502_212928_gray2.jpg
7427,20210502_212921.jpg,20210502_212921_gray2.jpg
7434,20210502_212915.jpg,20210502_212915_gray2.jpg
7441,20210502_212909.jpg,20210502_212909_gray2.jpg
7448,20210502_212859.jpg,20210502_212859_gray2.jpg
7455,20210502_212852.jpg,20210502_212852_gray2.jpg
7462,20210502_212846.jpg,20210502_212846_gray2.jpg
7469,20210502_212840.jpg,20210502_212840_gray2.jpg
7476,20210502_212833.jpg,20210502_212833_gray2.jpg
7483,20210502_212826.jpg,20210502_212826_gray2.jpg
7490,20210502_212818.jpg,20210502_212818_gray2.jpg
7497,20210502_212811.jpg,20210502_212811_gray2.jpg
7504,20210502_212804.jpg,20210502_212804_gray2.jpg
7511,20210502_212755.jpg,20210502_212755_gray2.jpg
7518,20210502_212730.jpg,20210502_212730_gray2.jpg
7525,20210502_212724.jpg,20210502_212724_gray2.jpg
7532,20210502_212718.jpg,20210502_212718_gray2.jpg
7539,20210502_212712.jpg,20210502_212712_gray2.jpg
7546,20210502_212706.jpg,20210502_212706_gray2.jpg
7553,20210502_212701.jpg,20210502_212701_gray2.jpg
7560,20210502_212654.jpg,20210502_212654_gray2.jpg
7567,20210502_212648.jpg,20210502_212648_gray2.jpg
7574,20210502_212640.jpg,20210502_212640_gray2.jpg
7581,20210502_212635.jpg,20210502_212635_gray2.jpg
7588,20210502_212629.jpg,20210502_212629_gray2.jpg
7595,20210502_212621.jpg,20210502_212621_gray2.jpg
7602,20210502_212615.jpg,20210502_212615_gray2.jpg
7609,20210502_212609.jpg,20210502_212609_gray2.jpg
7616,20210502_212603.jpg,20210502_212603_gray2.jpg
7623,20210502_212526.jpg,20210502_212526_gray2.jpg
7630,20210502_212519.jpg,20210502_212519_gray2.jpg
7637,20210502_212511.jpg,20210502_212511_gray2.jpg
7644,20210502_212505.jpg,20210502_212505_gray2.jpg
7651,20210502_212459.jpg,20210502_212459_gray2.jpg
7658,20210502_212452.jpg,20210502_212452_gray2.jpg
7665,20210502_212445.jpg,20210502_212445_gray2.jpg
7672,20210502_212438.jpg,20210502_212438_gray2.jpg
7679,20210502_212432.jpg,20210502_212432_gray2.jpg
7686,20210502_212426.jpg,20210502_212426_gray2.jpg
7693,20210502_212418.jpg,20210502_212418_gray2.jpg
7700,20210502_212406.jpg,20210502_212406_gray2.jpg
7707,20210502_212358.jpg,20210502_212358_gray2.jpg
7714,20210502_212349.jpg,20210502_212349_gray2.jpg
7721,20210502_212340.jpg,20210502_212340_gray2.jpg
7728,20210502_212307.jpg,20210502_212307_gray2.jpg
7735,20210502_212301.jpg,20210502_212301_gray2.jpg
7742,20210502_212251.jpg,20210502_212251_gray2.jpg
7749,20210502_212245.jpg,20210502_212245_gray2.jpg
7756,20210502_212239.jpg,20210502_212239_gray2.jpg
7763,20210502_212232.jpg,20210502_212232_gray2.jpg
7770,20210502_212224.jpg,20210502_212224_gray2.jpg
7777,20210502_212218.jpg,20210502_212218_gray2.jpg
7784,20210502_212211.jpg,20210502_212211_gray2.jpg
7791,20210502_212206.jpg,20210502_212206_gray2.jpg
7798,20210502_212200.jpg,20210502_212200_gray2.jpg
7805,20210502_212153.jpg,20210502_212153_gray2.jpg
7812,20210502_212147.jpg,20210502_212147_gray2.jpg
7819,20210502_212140.jpg,20210502_212140_gray2.jpg
7826,20210502_212132.jpg,20210502_212132_gray2.jpg
7833,20210502_212112.jpg,20210502_212112_gray2.jpg
7840,20210502_212045.jpg,20210502_212045_gray2.jpg
7847,20210502_212035.jpg,20210502_212035_gray2.jpg
7854,20210502_212027.jpg,20210502_212027_gray2.jpg
7861,20210502_212021.jpg,20210502_212021_gray2.jpg
7868,20210502_212011.jpg,20210502_212011_gray2.jpg
7875,20210502_212003.jpg,20210502_212003_gray2.jpg
7882,20210502_211953.jpg,20210502_211953_gray2.jpg
7889,20210502_211945.jpg,20210502_211945_gray2.jpg
7896,20210502_211939.jpg,20210502_211939_gray2.jpg
7903,20210502_211913.jpg,20210502_211913_gray2.jpg
7910,20210502_211902.jpg,20210502_211902_gray2.jpg
7917,20210502_211851.jpg,20210502_211851_gray2.jpg
7924,20210502_211841.jpg,20210502_211841_gray2.jpg
7931,20210502_211830.jpg,20210502_211830_gray2.jpg
7938,20210502_211721.jpg,20210502_211721_gray2.jpg
7945,20210502_211703.jpg,20210502_211703_gray2.jpg
7952,20210502_211654.jpg,20210502_211654_gray2.jpg
7959,20210502_211642.jpg,20210502_211642_gray2.jpg
7966,20210502_211631.jpg,20210502_211631_gray2.jpg
7973,20210502_211622.jpg,20210502_211622_gray2.jpg
7980,20210502_211604.jpg,20210502_211604_gray2.jpg
7987,20210502_211554.jpg,20210502_211554_gray2.jpg
7994,20210502_211514.jpg,20210502_211514_gray2.jpg
8001,20210502_211505.jpg,20210502_211505_gray2.jpg
8008,20210502_211452.jpg,20210502_211452_gray2.jpg
8015,20210502_211439.jpg,20210502_211439_gray2.jpg
8022,20210502_211427.jpg,20210502_211427_gray2.jpg
8029,20210502_211408.jpg,20210502_211408_gray2.jpg
8036,20210502_211401.jpg,20210502_211401_gray2.jpg
8043,20210502_211336.jpg,20210502_211336_gray2.jpg
8050,20210502_211327.jpg,20210502_211327_gray2.jpg
8057,20210502_211313.jpg,20210502_211313_gray2.jpg
8064,20210502_211302.jpg,20210502_211302_gray2.jpg
8071,20210502_211253.jpg,20210502_211253_gray2.jpg
8078,20210502_211245.jpg,20210502_211245_gray2.jpg
8085,20210502_211237.jpg,20210502_211237_gray2.jpg
8092,20210502_211207.jpg,20210502_211207_gray2.jpg
8099,20210502_211156.jpg,20210502_211156_gray2.jpg
8106,20210502_211143.jpg,20210502_211143_gray2.jpg
8113,20210502_211128.jpg,20210502_211128_gray2.jpg
8120,20210502_211118.jpg,20210502_211118_gray2.jpg
8127,20210502_211109.jpg,20210502_211109_gray2.jpg
8134,20210502_211101.jpg,20210502_211101_gray2.jpg
8141,20210502_211052.jpg,20210502_211052_gray2.jpg
8148,20210502_210600.jpg,20210502_210600_gray2.jpg
8155,20210502_210548.jpg,20210502_210548_gray2.jpg
8162,20210502_210536.jpg,20210502_210536_gray2.jpg
8169,20210502_210527.jpg,20210502_210527_gray2.jpg
8176,20210502_210519.jpg,20210502_210519_gray2.jpg
8183,20210502_210506.jpg,20210502_210506_gray2.jpg
8190,20210502_210458.jpg,20210502_210458_gray2.jpg
8197,20210502_210445.jpg,20210502_210445_gray2.jpg
8204,20210502_210436.jpg,20210502_210436_gray2.jpg
8211,20210502_210429.jpg,20210502_210429_gray2.jpg
8218,20210502_210411.jpg,20210502_210411_gray2.jpg
8225,20210502_210400.jpg,20210502_210400_gray2.jpg
8232,20210502_210340.jpg,20210502_210340_gray2.jpg
8239,20210502_210322.jpg,20210502_210322_gray2.jpg
8246,20210502_210313.jpg,20210502_210313_gray2.jpg
8253,20210501_154805.jpg,20210501_154805_gray2.jpg
8260,20210501_154801.jpg,20210501_154801_gray2.jpg
8267,20210501_154758.jpg,20210501_154758_gray2.jpg
8274,20210501_154755.jpg,20210501_154755_gray2.jpg
8281,20210501_154752.jpg,20210501_154752_gray2.jpg
8288,20210501_154748.jpg,20210501_154748_gray2.jpg
8295,20210501_154734.jpg,20210501_154734_gray2.jpg
8302,20210501_154730.jpg,20210501_154730_gray2.jpg
8309,20210501_154726.jpg,20210501_154726_gray2.jpg
8316,20210501_154721.jpg,20210501_154721_gray2.jpg
8323,20210501_154717.jpg,20210501_154717_gray2.jpg
8330,20210501_154712.jpg,20210501_154712_gray2.jpg
8337,20210501_154700.jpg,20210501_154700_gray2.jpg
8344,20210501_154654.jpg,20210501_154654_gray2.jpg
8351,20210501_154650.jpg,20210501_154650_gray2.jpg
8358,20210501_154644.jpg,20210501_154644_gray2.jpg
8365,20210501_154639.jpg,20210501_154639_gray2.jpg
8372,20210501_154630.jpg,20210501_154630_gray2.jpg
8379,20210501_154546.jpg,20210501_154546_gray2.jpg
8386,20210501_154543.jpg,20210501_154543_gray2.jpg
8393,20210501_154539.jpg,20210501_154539_gray2.jpg
8400,20210501_154536.jpg,20210501_154536_gray2.jpg
8407,20210501_154532.jpg,20210501_154532_gray2.jpg
8414,20210501_154526.jpg,20210501_154526_gray2.jpg
8421,20210501_154517.jpg,20210501_154517_gray2.jpg
8428,20210501_154513.jpg,20210501_154513_gray2.jpg
8435,20210501_154509.jpg,20210501_154509_gray2.jpg
8442,20210501_154505.jpg,20210501_154505_gray2.jpg
8449,20210501_154500.jpg,20210501_154500_gray2.jpg
8456,20210501_154455.jpg,20210501_154455_gray2.jpg
8463,20210501_154425.jpg,20210501_154425_gray2.jpg
8470,20210501_154419.jpg,20210501_154419_gray2.jpg
8477,20210501_154412.jpg,20210501_154412_gray2.jpg
8484,20210501_154406.jpg,20210501_154406_gray2.jpg
8491,20210501_154359.jpg,20210501_154359_gray2.jpg
8498,20210501_154354.jpg,20210501_154354_gray2.jpg
8505,20210501_154310.jpg,20210501_154310_gray2.jpg
8512,20210501_154306.jpg,20210501_154306_gray2.jpg
8519,20210501_154303.jpg,20210501_154303_gray2.jpg
8526,20210501_154259.jpg,20210501_154259_gray2.jpg
8533,20210501_154248.jpg,20210501_154248_gray2.jpg
8540,20210501_154243.jpg,20210501_154243_gray2.jpg
8547,20210501_154223.jpg,20210501_154223_gray2.jpg
8554,20210501_154218.jpg,20210501_154218_gray2.jpg
8561,20210501_154212.jpg,20210501_154212_gray2.jpg
8568,20210501_154208.jpg,20210501_154208_gray2.jpg
8575,20210501_154201.jpg,20210501_154201_gray2.jpg
8582,20210501_154152.jpg,20210501_154152_gray2.jpg
8589,20210501_154026.jpg,20210501_154026_gray2.jpg
8596,20210501_154017.jpg,20210501_154017_gray2.jpg
8603,20210501_154010.jpg,20210501_154010_gray2.jpg
8610,20210501_153958.jpg,20210501_153958_gray2.jpg
8617,20210501_153951.jpg,20210501_153951_gray2.jpg
8624,20210501_153856.jpg,20210501_153856_gray2.jpg
8631,20210501_153849.jpg,20210501_153849_gray2.jpg
8638,20210501_153843.jpg,20210501_153843_gray2.jpg
8645,20210501_153835.jpg,20210501_153835_gray2.jpg
8652,20210501_153829.jpg,20210501_153829_gray2.jpg
8659,20210501_153821.jpg,20210501_153821_gray2.jpg
8666,20210501_153813.jpg,20210501_153813_gray2.jpg
8673,20210501_153805.jpg,20210501_153805_gray2.jpg
8680,20210501_153757.jpg,20210501_153757_gray2.jpg
8687,20210501_153751.jpg,20210501_153751_gray2.jpg
8694,20210501_153743.jpg,20210501_153743_gray2.jpg
8701,20210501_153736.jpg,20210501_153736_gray2.jpg
8708,20210501_153726.jpg,20210501_153726_gray2.jpg
8715,20210501_153718.jpg,20210501_153718_gray2.jpg
8722,20210501_153702.jpg,20210501_153702_gray2.jpg
8729,20210501_153650.jpg,20210501_153650_gray2.jpg
8736,20210501_153637.jpg,20210501_153637_gray2.jpg
8743,20210501_153629.jpg,20210501_153629_gray2.jpg
8750,20210501_153617.jpg,20210501_153617_gray2.jpg
8757,20210501_153609.jpg,20210501_153609_gray2.jpg
8764,20210501_153602.jpg,20210501_153602_gray2.jpg
8771,20210501_153554.jpg,20210501_153554_gray2.jpg
8778,20210501_153545.jpg,20210501_153545_gray2.jpg
8785,20210501_153538.jpg,20210501_153538_gray2.jpg
8792,20210501_153504.jpg,20210501_153504_gray2.jpg
8799,20210501_153454.jpg,20210501_153454_gray2.jpg
8806,20210501_153447.jpg,20210501_153447_gray2.jpg
8813,20210501_153356.jpg,20210501_153356_gray2.jpg
8820,20210501_153349.jpg,20210501_153349_gray2.jpg
8827,20210501_153342.jpg,20210501_153342_gray2.jpg
8834,20210501_153332.jpg,20210501_153332_gray2.jpg
8841,20210501_153324.jpg,20210501_153324_gray2.jpg
8848,20210501_153311.jpg,20210501_153311_gray2.jpg
8855,20210501_153257.jpg,20210501_153257_gray2.jpg
8862,20210501_153249.jpg,20210501_153249_gray2.jpg
8869,20210501_153242.jpg,20210501_153242_gray2.jpg
8876,20210501_153230.jpg,20210501_153230_gray2.jpg
8883,20210501_153217.jpg,20210501_153217_gray2.jpg
8890,20210501_153207.jpg,20210501_153207_gray2.jpg
8897,20210501_153152.jpg,20210501_153152_gray2.jpg
8904,20210501_153143.jpg,20210501_153143_gray2.jpg
8911,20210501_153135.jpg,20210501_153135_gray2.jpg
8918,20210501_153123.jpg,20210501_153123_gray2.jpg
8925,20210501_153055.jpg,20210501_153055_gray2.jpg
8932,20210501_153032.jpg,20210501_153032_gray2.jpg
8939,20210501_153017.jpg,20210501_153017_gray2.jpg
8946,20210501_153010.jpg,20210501_153010_gray2.jpg
8953,20210501_153003.jpg,20210501_153003_gray2.jpg
8960,20210501_152949.jpg,20210501_152949_gray2.jpg
8967,20210501_152941.jpg,20210501_152941_gray2.jpg
8974,20210501_152932.jpg,20210501_152932_gray2.jpg
8981,20210501_152919.jpg,20210501_152919_gray2.jpg
8988,20210501_152909.jpg,20210501_152909_gray2.jpg
8995,20210501_152859.jpg,20210501_152859_gray2.jpg
9002,20210501_152815.jpg,20210501_152815_gray2.jpg
9009,20210501_152809.jpg,20210501_152809_gray2.jpg
9016,20210501_152802.jpg,20210501_152802_gray2.jpg
9023,20210501_152752.jpg,20210501_152752_gray2.jpg
9030,20210501_152741.jpg,20210501_152741_gray2.jpg
9037,20210501_152731.jpg,20210501_152731_gray2.jpg
9044,20210501_152719.jpg,20210501_152719_gray2.jpg
9051,20210501_152711.jpg,20210501_152711_gray2.jpg
9058,20210501_152701.jpg,20210501_152701_gray2.jpg
9065,20210501_152647.jpg,20210501_152647_gray2.jpg
9072,20210501_152640.jpg,20210501_152640_gray2.jpg
9079,20210501_152632.jpg,20210501_152632_gray2.jpg
9086,20210501_152504.jpg,20210501_152504_gray2.jpg
9093,20210501_152445.jpg,20210501_152445_gray2.jpg
9100,20210501_152436.jpg,20210501_152436_gray2.jpg
9107,20210501_152422.jpg,20210501_152422_gray2.jpg
9114,20210501_152406.jpg,20210501_152406_gray2.jpg
9121,20210501_152359.jpg,20210501_152359_gray2.jpg
9128,20210501_152317.jpg,20210501_152317_gray2.jpg
9135,20210501_152309.jpg,20210501_152309_gray2.jpg
9142,20210501_152218.jpg,20210501_152218_gray2.jpg
9149,20210501_151958.jpg,20210501_151958_gray2.jpg
9156,20210501_151949.jpg,20210501_151949_gray2.jpg
9163,20210501_151939.jpg,20210501_151939_gray2.jpg
9170,20210501_151923.jpg,20210501_151923_gray2.jpg
9177,20210501_151904.jpg,20210501_151904_gray2.jpg
9184,20210501_151849.jpg,20210501_151849_gray2.jpg
9191,20210506_194551.jpg,20210506_194551_gray2.jpg
9198,20210506_194557.jpg,20210506_194557_gray2.jpg
9205,20210506_194606.jpg,20210506_194606_gray2.jpg
9212,20210506_194614.jpg,20210506_194614_gray2.jpg
9219,20210506_194624.jpg,20210506_194624_gray2.jpg
9226,20210506_194639.jpg,20210506_194639_gray2.jpg
9233,20210506_194649.jpg,20210506_194649_gray2.jpg
9240,20210506_194658.jpg,20210506_194658_gray2.jpg
9247,20210506_194720.jpg,20210506_194720_gray2.jpg
9254,20210506_194743.jpg,20210506_194743_gray2.jpg
9261,20210506_194753.jpg,20210506_194753_gray2.jpg
9268,20210506_194800.jpg,20210506_194800_gray2.jpg
9275,20210506_194809.jpg,20210506_194809_gray2.jpg
9282,20210506_194815.jpg,20210506_194815_gray2.jpg
9289,20210506_194826.jpg,20210506_194826_gray2.jpg
9296,20210506_194933.jpg,20210506_194933_gray2.jpg
9303,20210506_194946.jpg,20210506_194946_gray2.jpg
9310,20210506_194956.jpg,20210506_194956_gray2.jpg
9317,20210506_195004.jpg,20210506_195004_gray2.jpg
9324,20210506_195013.jpg,20210506_195013_gray2.jpg
9331,20210506_195023.jpg,20210506_195023_gray2.jpg
9338,20210506_195029.jpg,20210506_195029_gray2.jpg
9345,20210506_195036.jpg,20210506_195036_gray2.jpg
9352,20210506_195043.jpg,20210506_195043_gray2.jpg
9359,20210506_195050.jpg,20210506_195050_gray2.jpg
9366,20210506_195058.jpg,20210506_195058_gray2.jpg
9373,20210506_195103.jpg,20210506_195103_gray2.jpg
9380,20210506_195110.jpg,20210506_195110_gray2.jpg
9387,20210506_195125.jpg,20210506_195125_gray2.jpg
9394,20210506_195228.jpg,20210506_195228_gray2.jpg
9401,20210506_195259.jpg,20210506_195259_gray2.jpg
9408,20210506_195310.jpg,20210506_195310_gray2.jpg
9415,20210506_195318.jpg,20210506_195318_gray2.jpg
9422,20210506_195331.jpg,20210506_195331_gray2.jpg
9429,20210506_195343.jpg,20210506_195343_gray2.jpg
9436,20210506_195353.jpg,20210506_195353_gray2.jpg
9443,20210506_195402.jpg,20210506_195402_gray2.jpg
9450,20210506_195409.jpg,20210506_195409_gray2.jpg
9457,20210506_195418.jpg,20210506_195418_gray2.jpg
9464,20210506_195425.jpg,20210506_195425_gray2.jpg
9471,20210506_195445.jpg,20210506_195445_gray2.jpg
9478,20210506_195452.jpg,20210506_195452_gray2.jpg
9485,20210506_195502.jpg,20210506_195502_gray2.jpg
9492,20210506_195511.jpg,20210506_195511_gray2.jpg
9499,20210506_195530.jpg,20210506_195530_gray2.jpg
9506,20210506_195643.jpg,20210506_195643_gray2.jpg
9513,20210506_195653.jpg,20210506_195653_gray2.jpg
9520,20210506_195700.jpg,20210506_195700_gray2.jpg
9527,20210506_195706.jpg,20210506_195706_gray2.jpg
9534,20210506_195713.jpg,20210506_195713_gray2.jpg
9541,20210506_195719.jpg,20210506_195719_gray2.jpg
9548,20210506_195726.jpg,20210506_195726_gray2.jpg
9555,20210506_195734.jpg,20210506_195734_gray2.jpg
9562,20210506_195741.jpg,20210506_195741_gray2.jpg
9569,20210506_195748.jpg,20210506_195748_gray2.jpg
9576,20210506_195753.jpg,20210506_195753_gray2.jpg
9583,20210506_195758.jpg,20210506_195758_gray2.jpg
9590,20210506_195802.jpg,20210506_195802_gray2.jpg
9597,20210506_195811.jpg,20210506_195811_gray2.jpg
9604,20210506_195817.jpg,20210506_195817_gray2.jpg
9611,20210506_195912.jpg,20210506_195912_gray2.jpg
9618,20210506_195918.jpg,20210506_195918_gray2.jpg
9625,20210506_195925.jpg,20210506_195925_gray2.jpg
9632,20210506_195931.jpg,20210506_195931_gray2.jpg
9639,20210506_195937.jpg,20210506_195937_gray2.jpg
9646,20210506_195944.jpg,20210506_195944_gray2.jpg
9653,20210506_195954.jpg,20210506_195954_gray2.jpg
9660,20210506_200002.jpg,20210506_200002_gray2.jpg
9667,20210506_200009.jpg,20210506_200009_gray2.jpg
9674,20210506_200016.jpg,20210506_200016_gray2.jpg
9681,20210506_200023.jpg,20210506_200023_gray2.jpg
9688,20210506_200030.jpg,20210506_200030_gray2.jpg
9695,20210506_200037.jpg,20210506_200037_gray2.jpg
9702,20210506_200043.jpg,20210506_200043_gray2.jpg
9709,20210506_200049.jpg,20210506_200049_gray2.jpg
9716,20210506_200136.jpg,20210506_200136_gray2.jpg
9723,20210506_200146.jpg,20210506_200146_gray2.jpg
9730,20210506_200153.jpg,20210506_200153_gray2.jpg
9737,20210506_200205.jpg,20210506_200205_gray2.jpg
9744,20210506_200213.jpg,20210506_200213_gray2.jpg
9751,20210506_200223.jpg,20210506_200223_gray2.jpg
9758,20210506_200231.jpg,20210506_200231_gray2.jpg
9765,20210506_200239.jpg,20210506_200239_gray2.jpg
9772,20210506_200245.jpg,20210506_200245_gray2.jpg
9779,20210506_200255.jpg,20210506_200255_gray2.jpg
9786,20210506_200303.jpg,20210506_200303_gray2.jpg
9793,20210506_200309.jpg,20210506_200309_gray2.jpg
9800,20210506_200315.jpg,20210506_200315_gray2.jpg
9807,20210506_200320.jpg,20210506_200320_gray2.jpg
9814,20210506_200331.jpg,20210506_200331_gray2.jpg
9821,20210506_200533.jpg,20210506_200533_gray2.jpg
9828,20210506_200540.jpg,20210506_200540_gray2.jpg
9835,20210506_200548.jpg,20210506_200548_gray2.jpg
9842,20210506_200556.jpg,20210506_200556_gray2.jpg
9849,20210506_200611.jpg,20210506_200611_gray2.jpg
9856,20210506_200621.jpg,20210506_200621_gray2.jpg
9863,20210506_200630.jpg,20210506_200630_gray2.jpg
9870,20210506_200638.jpg,20210506_200638_gray2.jpg
9877,20210506_200646.jpg,20210506_200646_gray2.jpg
9884,20210506_200653.jpg,20210506_200653_gray2.jpg
9891,20210506_200700.jpg,20210506_200700_gray2.jpg
9898,20210506_200706.jpg,20210506_200706_gray2.jpg
9905,20210506_200713.jpg,20210506_200713_gray2.jpg
9912,20210506_200718.jpg,20210506_200718_gray2.jpg
9919,20210506_200725.jpg,20210506_200725_gray2.jpg
9926,20210506_200800.jpg,20210506_200800_gray2.jpg
9933,20210506_200807.jpg,20210506_200807_gray2.jpg
9940,20210506_200817.jpg,20210506_200817_gray2.jpg
9947,20210506_200823.jpg,20210506_200823_gray2.jpg
9954,20210506_200829.jpg,20210506_200829_gray2.jpg
9961,20210506_200837.jpg,20210506_200837_gray2.jpg
9968,20210506_200846.jpg,20210506_200846_gray2.jpg
9975,20210506_200852.jpg,20210506_200852_gray2.jpg
9982,20210506_200858.jpg,20210506_200858_gray2.jpg
9989,20210506_200904.jpg,20210506_200904_gray2.jpg
9996,20210506_200913.jpg,20210506_200913_gray2.jpg
10003,20210506_200919.jpg,20210506_200919_gray2.jpg
10010,20210506_200925.jpg,20210506_200925_gray2.jpg
10017,20210506_200931.jpg,20210506_200931_gray2.jpg
10024,20210506_200940.jpg,20210506_200940_gray2.jpg
10031,20210506_200955.jpg,20210506_200955_gray2.jpg
10038,20210506_201004.jpg,20210506_201004_gray2.jpg
10045,20210506_201014.jpg,20210506_201014_gray2.jpg
10052,20210506_201021.jpg,20210506_201021_gray2.jpg
10059,20210506_201034.jpg,20210506_201034_gray2.jpg
10066,20210506_201042.jpg,20210506_201042_gray2.jpg
10073,20210506_201057.jpg,20210506_201057_gray2.jpg
10080,20210506_201108.jpg,20210506_201108_gray2.jpg
10087,20210506_201114.jpg,20210506_201114_gray2.jpg
10094,20210506_201125.jpg,20210506_201125_gray2.jpg
10101,20210506_201137.jpg,20210506_201137_gray2.jpg
10108,20210506_201144.jpg,20210506_201144_gray2.jpg
10115,20210506_201154.jpg,20210506_201154_gray2.jpg
10122,20210506_201200.jpg,20210506_201200_gray2.jpg
10129,20210506_201210.jpg,20210506_201210_gray2.jpg
10136,20210509_102334.jpg,20210509_102334_gray2.jpg
10143,20210509_102341.jpg,20210509_102341_gray2.jpg
10150,20210509_102345.jpg,20210509_102345_gray2.jpg
10157,20210509_102353.jpg,20210509_102353_gray2.jpg
10164,20210509_102406.jpg,20210509_102406_gray2.jpg
10171,20210509_102416.jpg,20210509_102416_gray2.jpg
10178,20210509_102422.jpg,20210509_102422_gray2.jpg
10185,20210509_102429.jpg,20210509_102429_gray2.jpg
10192,20210509_102437.jpg,20210509_102437_gray2.jpg
10199,20210509_102444.jpg,20210509_102444_gray2.jpg
10206,20210509_102453.jpg,20210509_102453_gray2.jpg
10213,20210509_102503.jpg,20210509_102503_gray2.jpg
10220,20210509_102510.jpg,20210509_102510_gray2.jpg
10227,20210509_102516.jpg,20210509_102516_gray2.jpg
10234,20210509_102523.jpg,20210509_102523_gray2.jpg
10241,20210509_102536.jpg,20210509_102536_gray2.jpg
10248,20210509_102543.jpg,20210509_102543_gray2.jpg
10255,20210509_102549.jpg,20210509_102549_gray2.jpg
10262,20210509_102600.jpg,20210509_102600_gray2.jpg
10269,20210509_102615.jpg,20210509_102615_gray2.jpg
10276,20210509_102624.jpg,20210509_102624_gray2.jpg
10283,20210509_102630.jpg,20210509_102630_gray2.jpg
10290,20210509_102640.jpg,20210509_102640_gray2.jpg
10297,20210509_102649.jpg,20210509_102649_gray2.jpg
10304,20210509_102656.jpg,20210509_102656_gray2.jpg
10311,20210509_102705.jpg,20210509_102705_gray2.jpg
10318,20210509_102711.jpg,20210509_102711_gray2.jpg
10325,20210509_102717.jpg,20210509_102717_gray2.jpg
10332,20210509_102726.jpg,20210509_102726_gray2.jpg
10339,20210509_102731.jpg,20210509_102731_gray2.jpg
10346,20210509_102800.jpg,20210509_102800_gray2.jpg
10353,20210509_102805.jpg,20210509_102805_gray2.jpg
10360,20210509_102811.jpg,20210509_102811_gray2.jpg
10367,20210509_102817.jpg,20210509_102817_gray2.jpg
10374,20210509_102824.jpg,20210509_102824_gray2.jpg
10381,20210509_102832.jpg,20210509_102832_gray2.jpg
10388,20210509_102837.jpg,20210509_102837_gray2.jpg
10395,20210509_102842.jpg,20210509_102842_gray2.jpg
10402,20210509_102847.jpg,20210509_102847_gray2.jpg
10409,20210509_102852.jpg,20210509_102852_gray2.jpg
10416,20210509_102859.jpg,20210509_102859_gray2.jpg
10423,20210509_102903.jpg,20210509_102903_gray2.jpg
10430,20210509_102920.jpg,20210509_102920_gray2.jpg
10437,20210509_102938.jpg,20210509_102938_gray2.jpg
10444,20210509_102943.jpg,20210509_102943_gray2.jpg
10451,20210509_103037.jpg,20210509_103037_gray2.jpg
10458,20210509_103048.jpg,20210509_103048_gray2.jpg
10465,20210509_103056.jpg,20210509_103056_gray2.jpg
10472,20210509_103104.jpg,20210509_103104_gray2.jpg
10479,20210509_103113.jpg,20210509_103113_gray2.jpg
10486,20210509_103135.jpg,20210509_103135_gray2.jpg
10493,20210509_103141.jpg,20210509_103141_gray2.jpg
10500,20210509_103147.jpg,20210509_103147_gray2.jpg
10507,20210509_103153.jpg,20210509_103153_gray2.jpg
10514,20210509_103201.jpg,20210509_103201_gray2.jpg
10521,20210509_103208.jpg,20210509_103208_gray2.jpg
10528,20210509_103219.jpg,20210509_103219_gray2.jpg
10535,20210509_103226.jpg,20210509_103226_gray2.jpg
10542,20210509_103230.jpg,20210509_103230_gray2.jpg
10549,20210509_103239.jpg,20210509_103239_gray2.jpg
10556,20210509_103304.jpg,20210509_103304_gray2.jpg
10563,20210509_103310.jpg,20210509_103310_gray2.jpg
10570,20210509_103318.jpg,20210509_103318_gray2.jpg
10577,20210509_103325.jpg,20210509_103325_gray2.jpg
10584,20210509_103334.jpg,20210509_103334_gray2.jpg
10591,20210509_103340.jpg,20210509_103340_gray2.jpg
10598,20210509_103345.jpg,20210509_103345_gray2.jpg
10605,20210509_103351.jpg,20210509_103351_gray2.jpg
10612,20210509_103357.jpg,20210509_103357_gray2.jpg
10619,20210509_103403.jpg,20210509_103403_gray2.jpg
10626,20210509_103413.jpg,20210509_103413_gray2.jpg
10633,20210509_103419.jpg,20210509_103419_gray2.jpg
10640,20210509_103428.jpg,20210509_103428_gray2.jpg
10647,20210509_103438.jpg,20210509_103438_gray2.jpg
10654,20210509_103446.jpg,20210509_103446_gray2.jpg
10661,20210509_103454.jpg,20210509_103454_gray2.jpg
10668,20210509_103459.jpg,20210509_103459_gray2.jpg
10675,20210509_103507.jpg,20210509_103507_gray2.jpg
10682,20210509_103511.jpg,20210509_103511_gray2.jpg
10689,20210509_103516.jpg,20210509_103516_gray2.jpg
10696,20210509_103521.jpg,20210509_103521_gray2.jpg
10703,20210509_103529.jpg,20210509_103529_gray2.jpg
10710,20210509_103533.jpg,20210509_103533_gray2.jpg
10717,20210509_103541.jpg,20210509_103541_gray2.jpg
10724,20210509_103548.jpg,20210509_103548_gray2.jpg
10731,20210509_103611.jpg,20210509_103611_gray2.jpg
10738,20210509_103616.jpg,20210509_103616_gray2.jpg
10745,20210509_103621.jpg,20210509_103621_gray2.jpg
10752,20210509_103635.jpg,20210509_103635_gray2.jpg
10759,20210509_103643.jpg,20210509_103643_gray2.jpg
10766,20210509_103751.jpg,20210509_103751_gray2.jpg
10773,20210509_103758.jpg,20210509_103758_gray2.jpg
10780,20210509_103806.jpg,20210509_103806_gray2.jpg
10787,20210509_103812.jpg,20210509_103812_gray2.jpg
10794,20210509_103819.jpg,20210509_103819_gray2.jpg
10801,20210509_103825.jpg,20210509_103825_gray2.jpg
10808,20210509_103832.jpg,20210509_103832_gray2.jpg
10815,20210509_103838.jpg,20210509_103838_gray2.jpg
10822,20210509_103844.jpg,20210509_103844_gray2.jpg
10829,20210509_103849.jpg,20210509_103849_gray2.jpg
10836,20210509_103906.jpg,20210509_103906_gray2.jpg
10843,20210509_103919.jpg,20210509_103919_gray2.jpg
10850,20210509_103926.jpg,20210509_103926_gray2.jpg
10857,20210509_103932.jpg,20210509_103932_gray2.jpg
10864,20210509_103940.jpg,20210509_103940_gray2.jpg
10871,20210509_103949.jpg,20210509_103949_gray2.jpg
10878,20210509_103954.jpg,20210509_103954_gray2.jpg
10885,20210509_104000.jpg,20210509_104000_gray2.jpg
10892,20210509_104006.jpg,20210509_104006_gray2.jpg
10899,20210509_104012.jpg,20210509_104012_gray2.jpg
10906,20210509_104019.jpg,20210509_104019_gray2.jpg
10913,20210509_104025.jpg,20210509_104025_gray2.jpg
10920,20210509_104030.jpg,20210509_104030_gray2.jpg
10927,20210509_104038.jpg,20210509_104038_gray2.jpg
10934,20210509_104043.jpg,20210509_104043_gray2.jpg
10941,20210509_104050.jpg,20210509_104050_gray2.jpg
10948,20210509_104058.jpg,20210509_104058_gray2.jpg
10955,20210509_104103.jpg,20210509_104103_gray2.jpg
10962,20210509_104107.jpg,20210509_104107_gray2.jpg
10969,20210509_104113.jpg,20210509_104113_gray2.jpg
10976,20210509_104156.jpg,20210509_104156_gray2.jpg
10983,20210509_104200.jpg,20210509_104200_gray2.jpg
10990,20210509_104208.jpg,20210509_104208_gray2.jpg
10997,20210509_104214.jpg,20210509_104214_gray2.jpg
11004,20210509_104223.jpg,20210509_104223_gray2.jpg
11011,20210509_104233.jpg,20210509_104233_gray2.jpg
11018,20210509_104239.jpg,20210509_104239_gray2.jpg
11025,20210509_104244.jpg,20210509_104244_gray2.jpg
11032,20210509_104249.jpg,20210509_104249_gray2.jpg
11039,20210509_104255.jpg,20210509_104255_gray2.jpg
11046,20210509_104300.jpg,20210509_104300_gray2.jpg
11053,20210509_104305.jpg,20210509_104305_gray2.jpg
11060,20210509_104308.jpg,20210509_104308_gray2.jpg
11067,20210509_104313.jpg,20210509_104313_gray2.jpg
11074,20210509_104317.jpg,20210509_104317_gray2.jpg
11081,20210511_155728.jpg,20210511_155728_gray2.jpg
